Numero di Incidenti,Velocità Media,Tipologia di Strada,Sesso del Conducente,Uso di Alcol,Età del Conducente,Predict
502.4138195515491,41.37365815182332,Autostrada,Maschile,False,40.99816116703691,270.1572503850268
247.9076112772121,92.89788570988267,Autostrada,,False,48.23301363496401,123.89983082334857
471.5531216412274,60.09934578850122,Autostrada,Maschile,False,36.35229543390395,
,102.711005082788,Strada Statale,,True,18.0,208.28529047418323
622.2592507004832,76.94113372801277,Strada Comunale,Maschile,True,34.82429823932103,186.00475712250687
477.4067184941349,53.59179695032043,Strada Statale,Femminile,False,38.84567036507313,138.35478125908332
634.8315297598339,30.551768024273606,,Maschile,False,30.6527670906173,151.40772037138566
514.6902719949946,57.89172171118025,Autostrada,Femminile,False,43.15373170650911,149.25143176794313
337.67478680825434,76.79120767700715,Autostrada,Maschile,False,51.272515661033566,128.9679235032566
517.7547833125066,65.01721787002731,Autostrada,Maschile,False,51.967236390725084,155.56473095852317
582.7347712312312,95.66813638544996,Strada Comunale,Femminile,True,34.26473189621805,193.08146335460623
519.9500108525478,52.69603911978034,Autostrada,Maschile,,28.295412853945148,146.14683346633385
504.1775951148315,77.74495543415864,Autostrada,Femminile,True,52.4700190333143,163.03148337029322
293.61509072146316,55.50490877645211,Strada Comunale,Maschile,False,32.43140166033707,103.12694516545433
441.67814304672504,49.490273878270756,Strada Statale,Maschile,False,45.18180849355068,127.92784771196162
549.8093872557572,71.29294839958698,,Femminile,True,43.82641062078684,166.99623617082102
521.4404620660194,48.748226551445704,Strada Statale,Maschile,False,49.145675121884324,143.28667365436047
608.4340107976798,118.87719275235119,,Maschile,True,51.047117215584706,216.7885563614169
550.8916000793689,73.70515497082948,Strada Statale,Maschile,True,54.15419866986913,169.14244399253738
410.29726563671665,52.603685395935145,Autostrada,Femminile,False,18.0,124.14240144409145
484.88037338695375,,Autostrada,Maschile,,34.71331419845265,
617.6439405323279,41.09681157504588,Autostrada,Maschile,False,28.742181145871125,156.4062373665023
378.68450419892594,89.13890554335758,Strada Statale,Maschile,False,33.181618533712516,147.04802527447126
574.0603703385747,,Autostrada,Maschile,True,32.332737272201506,159.8910172622773
545.776493461622,50.196003070603936,Strada Comunale,Femminile,,43.02346339038336,149.31210114880753
610.4892444992096,108.02119973009744,Strada Statale,Femminile,True,44.265314170171784,208.51480868391988
515.4474611312079,62.353381317625335,Autostrada,Femminile,False,28.960046434822416,152.97219728034185
436.5002187562234,82.95029898259672,Strada Statale,Maschile,False,34.84988047215675,153.66028293732205
995.8538859361826,105.08450930034721,Strada Comunale,Femminile,True,,173.26425708239384
,62.55957641736379,,Maschile,True,25.626247609726786,170.59848557048332
491.3428874397398,,Autostrada,Maschile,False,22.68146804007898,141.47324046851548
516.6294837577981,70.74102613715888,Strada Comunale,Maschile,True,34.455639712258,159.91871766128673
444.36098865008086,71.9096878325066,Autostrada,Femminile,False,47.227952283485024,146.39994799602147
595.0681177650628,67.97994092198155,Strada Statale,Femminile,True,26.13410476985848,173.3975762905978
452.41853161012864,35.62016971455802,,Femminile,False,21.452465269835116,118.97984209367215
396.6688344673514,50.498094266522465,Strada Comunale,Maschile,False,31.219924690773702,119.73224230668825
,66.94791928697428,Autostrada,Maschile,False,33.58447642297659,130.3812989141694
611.2813868698312,65.22521149423233,Autostrada,Maschile,True,47.349136201597354,174.4364465693521
528.9828815130799,80.0697736404628,Strada Statale,Femminile,True,34.41870150096391,169.85239521498622
480.68940516928615,66.64126117789637,Strada Statale,Femminile,False,34.544746569903076,149.45088997617432
494.38670980645657,113.67141667288506,Autostrada,Femminile,True,34.67524442959876,189.8144752995994
653.953299582363,59.363357591594884,Autostrada,Maschile,,21.842759015358155,178.2813459897485
462.85266839405085,107.7578783527957,Autostrada,Femminile,True,42.21271306318281,178.77683636104675
506.3930588622193,80.99111719385593,Autostrada,Femminile,True,34.46397909529705,166.07150552752861
595.160583167951,79.80878543162189,Autostrada,Maschile,True,51.22020917800706,182.87914497888772
343.0525537744703,70.20521829096893,Strada Statale,Maschile,False,22.207226260863496,124.77468538766921
526.3006712455382,69.73199113520413,Autostrada,Maschile,True,53.36004512581431,161.04572715727093
795.9152455643796,58.98609601231006,Autostrada,Maschile,True,45.34139864502518,206.37192592272396
634.144804990255,102.29371218013848,Strada Comunale,,True,37.454025485352375,208.6639307421618
521.9501979178463,85.01486798748309,Strada Comunale,Femminile,True,53.36004512581431,270.1572503850268
643.6511017376711,59.78597998150785,Autostrada,Maschile,True,43.04439799446567,176.5590043327405
569.061634217342,78.72498643859012,,Femminile,True,42.564975451255684,176.7923159943405
447.15720356808066,21.47560409320058,Autostrada,Maschile,False,,106.61192398817661
,52.1929526242283,Autostrada,Maschile,False,45.95882105521102,130.6740120340505
312.85095994296046,64.06098337116251,Autostrada,,False,31.804115688885584,
516.5534820197888,65.40867562819744,Autostrada,Maschile,False,,155.63763690651572
540.9251721496537,48.164593829685906,Autostrada,Femminile,False,30.699358466067867,146.71670949367947
481.62884087596206,71.12065068299717,Autostrada,Femminile,False,40.37823756517347,153.22228872159016
570.3984300978946,56.49218958859153,Autostrada,Maschile,True,50.27650595811957,159.27343769045214
559.1255588455721,106.07435554439343,Autostrada,Maschile,True,41.81669338473056,196.68459620462914
386.2279334868932,37.07237394814881,,Maschile,False,,106.9034858558977
515.9900865951528,80.77745634769062,Strada Statale,Maschile,True,46.99677609880531,167.81998239718305
531.2821314145419,53.01221323583473,Strada Comunale,Maschile,False,28.907813035553332,148.66619687157618
370.81472682876654,98.42168973443863,Strada Comunale,Femminile,False,34.59639197238275,152.90029715330422
407.8170399828154,47.104412394256556,Strada Statale,Maschile,False,37.784075503766566,119.24693791196833
367.9105808537205,70.26675534393138,Strada Statale,Maschile,False,49.26513628814693,129.79552044588922
505.2712645972541,,Autostrada,Femminile,False,36.57588345689639,154.6935571540526
435.4166302642062,51.972583193675675,Strada Comunale,Maschile,False,23.592175029745157,128.66139260778178
399.7959516177557,76.0258305900978,Strada Statale,Maschile,False,28.310832441687907,140.77985479562938
585.2831244179727,61.55864753494157,Strada Statale,Maschile,True,44.467072817839906,166.3035429115478
501.5889118699961,88.69131433953004,Autostrada,Maschile,True,49.22088255933335,171.27083384562326
577.9709881004256,103.04762162545813,Strada Statale,Femminile,True,41.90851775806303,198.03229492045165
580.339952081222,89.09796731710935,Autostrada,Femminile,True,19.150772906615977,187.34636426993188
492.03039405179715,60.559363395007985,Autostrada,Maschile,,27.2002300196306,146.85356952636582
452.04085948053756,95.05125488696505,Strada Statale,Femminile,True,46.675517709073524,166.44917580567954
995.8538859361826,37.946528143391376,Autostrada,Maschile,True,18.0,166.67629368081052
640.3007861325873,66.49150943361691,,Femminile,True,36.271758127450205,181.25336477341102
594.0298953196232,69.83502903507686,Autostrada,Maschile,True,45.469596332964386,174.67400229198614
502.78827005880936,73.33682148166692,Autostrada,Maschile,True,38.07457493232463,159.2271111970954
444.78957362887706,139.086206625572,Autostrada,Maschile,False,,128.7414979908142
346.8134845681358,111.13178004648347,Autostrada,Femminile,True,38.92540640271687,158.26812095081394
409.7559411065092,84.69167502368121,Autostrada,Maschile,False,29.943711694194533,149.70452824024682
435.8920679822348,96.40040671393385,Autostrada,Femminile,,32.7215109787603,164.29873896759403
517.9075168019244,112.32502259554039,Autostrada,Maschile,True,36.98304408500267,193.4415214368172
426.60430741278606,94.40272264423314,Strada Comunale,Maschile,,32.225502910581234,160.84303959794374
562.7402142225067,77.03078078405508,Strada Statale,Femminile,True,42.27568985332795,174.1726674717454
522.135691663952,95.34060526064225,Autostrada,Femminile,True,20.635519773907227,180.69962254130422
309.81644300393543,69.29351725968144,Strada Comunale,Maschile,False,,117.39810240853224
515.1577857972518,90.19790466132204,Strada Statale,Maschile,True,41.559979394388264,175.18988088850801
460.94414826132646,73.13333104236686,Strada Comunale,Femminile,False,43.232213057989476,150.6954944861588
535.3051773119962,30.285383120635892,Autostrada,Femminile,False,30.141147423931756,131.28934195890795
516.2365373208064,63.05464205013665,Strada Statale,Femminile,False,23.25336474075893,153.6910211042706
432.91883791991387,81.71968437276752,Autostrada,Maschile,False,34.14049187101608,151.9595150821968
367.06961480757684,113.2302717790786,Strada Comunale,Femminile,True,31.568022986919672,163.99814038477825
684.6125132583074,43.62756953434691,Autostrada,Maschile,True,34.27014975787245,
563.9044304689876,65.38752502032534,Strada Statale,Maschile,True,43.31646637521355,165.0909061100578
540.3767448810263,82.32678873098307,Strada Statale,Maschile,True,59.244751336225136,173.93677996099171
565.3724995525919,43.503737126583225,Strada Statale,,False,35.9726498438977,147.87748961178497
601.3460499703049,83.10771779885079,Autostrada,Maschile,True,32.03283671947245,186.75538423314163
455.4399361598287,90.2752070624986,Autostrada,Femminile,True,46.13435972747061,163.30815288196462
430.9296918617441,90.53566866962217,Autostrada,Maschile,True,40.48109569079778,158.61447330804657
469.9185724354492,68.58759152734073,,Femminile,False,34.14522669871459,148.85378770896244
520.3404747438041,82.88093619530164,Autostrada,Femminile,True,27.547695446605232,170.37284390500213
406.78282830855665,46.38726537567459,Strada Statale,Maschile,False,53.36004512581431,118.466377962251
463.3946519113213,,,Maschile,False,34.844326533636576,139.97967448028015
490.16279098598653,79.64540125743093,Strada Statale,Maschile,True,27.948422847202103,161.74887920314205
401.36225072309753,46.26526352046502,Autostrada,,,39.405983425321175,117.28466096099153
422.97553067897024,81.66899447575108,Strada Statale,Maschile,False,48.21840312959195,149.93030171639492
,90.3021593224027,Strada Statale,Maschile,True,32.42455915222013,176.16446953044093
,72.43603642645238,Strada Comunale,Maschile,False,32.26183876968433,144.42101260913248
357.27680533774554,71.97564427572145,Autostrada,Femminile,False,27.81143767228193,129.03587648812626
490.60690003600814,61.6683328631233,Strada Statale,Maschile,False,39.72369474967822,147.45604629770028
390.64090278427085,63.830061696573004,Autostrada,Maschile,False,53.36004512581431,129.19222991411257
376.91413079959534,,Autostrada,Maschile,False,40.91997053708377,137.47010487197772
561.7252880388323,61.42808119743488,Autostrada,Maschile,,47.11616662990277,161.4875225657144
545.1919651961908,106.582326667573,Strada Statale,Maschile,True,28.70962349866581,194.30425437329657
540.5650901128585,50.30890511931162,Autostrada,Femminile,False,30.437786057811202,148.36014211802097
568.2522134991784,39.38575747749457,Strada Comunale,Femminile,False,49.594090350378295,145.15904868183134
420.1729754810839,31.561783387165235,Autostrada,Femminile,False,42.70949538653764,109.28402180594897
513.1129663995695,81.01434399931314,Autostrada,Maschile,True,33.71487920467949,167.4340684793644
354.9071265558497,92.11019359756729,Strada Comunale,Femminile,False,25.729796822476743,144.66958018922378
545.019407337592,82.04634328342706,Autostrada,Femminile,True,24.811273568920228,174.64095609426005
354.38945526785074,58.24723962831707,Autostrada,Femminile,False,24.18867472950935,117.47568275622382
476.06795772385914,68.17530475805252,Strada Comunale,Maschile,False,18.820827429935555,149.75383535121387
475.1152093103206,46.20243578574877,Autostrada,Maschile,False,26.623509983256586,131.98499049066317
292.430559047061,71.7263976982149,Autostrada,Maschile,False,29.227428070771072,115.86722996798413
509.7859819886465,67.76861296920667,Strada Statale,Maschile,False,,156.17208677309463
623.5829684664035,,,Maschile,True,36.682638164567344,181.73203669736517
567.5377390245253,64.49304866600531,Autostrada,Maschile,True,40.04233299222813,165.10198673770932
494.78335919397125,101.35435694978747,Strada Statale,Maschile,True,46.28137765394036,180.04015739862422
474.2347193966915,67.55120509808684,Strada Statale,Maschile,False,19.499333068023397,148.88790795780778
453.2515253279745,66.3472349474907,Autostrada,Maschile,False,21.866061011298868,143.72809302358746
452.16910273838727,82.99242354604839,Strada Statale,Maschile,True,31.056421057137587,
553.2847528036752,94.41039162393487,Autostrada,Maschile,True,42.061264705438795,186.18526385988295
589.297788296325,43.58246356202967,Autostrada,,False,38.80462318865861,152.72552850888877
511.9574423511697,80.98509537342838,Strada Comunale,Maschile,True,41.262610089610256,167.17956476897666
515.8648907454847,48.70919624346941,Strada Comunale,Femminile,,46.27386060228105,142.14033514387245
445.6134870786567,43.835755310936314,Autostrada,Maschile,False,42.939966083556506,124.1913016644804
457.5364452285843,139.086206625572,Autostrada,Maschile,False,43.09344036953284,155.5110421967779
536.4396137323012,57.27527124222065,Autostrada,Maschile,False,29.708810225562164,153.10813974023677
520.2355001836222,104.90352239800784,Autostrada,Femminile,True,48.58201651276832,
420.7950384541802,69.13369682595545,Strada Statale,Femminile,False,24.13745039867638,139.46596515160041
391.824144273951,56.453528072653384,Strada Statale,Maschile,False,30.155510588822935,123.52765131291292
995.8538859361826,71.8190968116324,,Maschile,False,38.13579067984425,144.8528720183353
520.3306134546363,63.041612279630705,Strada Comunale,Maschile,False,28.804504689865116,154.49941251463184
697.3311629956032,104.72185090007831,Strada Statale,Maschile,True,39.324843438864946,223.2437133191833
,85.09817085127357,,Femminile,True,45.81667171848933,184.05229197934233
708.9766050776661,42.90652245979928,Autostrada,Maschile,True,28.505463620636135,176.12053898337265
634.4363840348321,62.68210352530012,Autostrada,Maschile,True,18.0,177.03295962720654
719.3083800733673,41.642610246500276,,,,34.40172889640995,177.17576421187368
402.2365371733461,139.086206625572,,Femminile,False,23.899349594521887,136.7944236089799
,58.82885078959072,Autostrada,Maschile,False,24.22938067371586,145.15625055712613
419.30057034112207,139.086206625572,Strada Statale,,False,47.05590711761022,114.23309239363422
604.8843121974386,,Autostrada,Maschile,,35.00179664860544,189.02626506061625
503.73982937616654,99.78383880944831,Strada Comunale,,True,18.0,180.57503692279198
355.0135733002754,72.52716604335045,Strada Statale,Maschile,False,31.166245714514275,129.02444749473545
402.6933850507942,91.67011577824148,Strada Comunale,Femminile,False,18.0,153.87476963275202
650.9167150330875,85.87052489486523,,Maschile,True,18.0,198.87976292250966
557.1839541913938,,Strada Comunale,Femminile,True,19.26446195639648,159.0341683656925
698.629792659056,30.60154507213302,Strada Statale,Maschile,True,33.89193326880494,164.2071945895176
433.1813626763749,85.52179998477807,Strada Statale,Maschile,False,39.84401520987783,155.05371252309743
599.6427345766042,81.38149189004467,Autostrada,Maschile,True,23.62893575452942,185.03374042735658
317.4982466050823,48.80466929004537,,Maschile,False,22.979611815295502,102.54338475305275
995.8538859361826,63.8753569063584,,Maschile,False,30.126171014126317,152.11219290973128
622.6441112808513,88.80878355063352,Strada Statale,Maschile,True,27.958949069160514,195.57584909667708
520.0690163876325,62.21798421289647,Autostrada,Maschile,False,18.03717687022405,153.7881906478437
604.7819859736197,52.30572581359887,Strada Statale,Femminile,True,27.562574208960545,162.80097784560303
484.1334369588868,58.92372340152849,Autostrada,Femminile,False,24.02428426407039,143.96566611300017
538.1977299926613,53.23031137325584,Strada Comunale,Femminile,False,47.24077347232202,150.22379509713693
480.90703909600467,51.54472519275856,Autostrada,Femminile,False,24.121830237284705,137.4171879734078
611.4821339607647,95.04235601622835,,Maschile,True,53.36004512581431,198.33031160513565
578.2070809605751,139.086206625572,Autostrada,Femminile,True,26.72978506632912,190.32458193268022
477.2865478923486,54.30611362683664,Autostrada,Maschile,False,57.576403371138994,138.90220047993904
534.8347570930656,62.29830424930623,Strada Comunale,Maschile,True,39.69799111834223,156.8055948180581
526.3223685261224,87.37789310869182,Autostrada,Maschile,True,31.887007356524435,175.16678819217793
644.0997467701483,66.16271193158113,Strada Statale,Maschile,True,28.102691995063967,181.75011889929456
311.3547597259629,76.21506735984217,Strada Comunale,Femminile,False,30.87608820208202,123.24300583306632
606.8679636150092,,Autostrada,Maschile,True,21.02924611081157,163.1405371804712
492.60246010750643,82.47796749894977,Autostrada,Maschile,True,,164.50286602066112
375.82386610455274,127.0794273863441,Autostrada,Femminile,True,28.451717032187698,270.1572503850268
582.1120051927613,71.27670801188846,Autostrada,Maschile,True,47.948007251337145,173.44376744806303
,94.49950575724479,Strada Statale,Maschile,True,35.963005066849284,190.3743914372049
585.1975287099854,102.67648980040374,Strada Statale,Maschile,True,49.230804865977944,199.18069758232008
633.141004740441,50.37796641739031,Autostrada,Femminile,True,40.77056359602794,166.93057408200045
388.251709113353,84.48897935175994,Strada Comunale,Femminile,False,31.856844766702704,145.24152530407855
,74.8067077664574,Autostrada,Maschile,False,18.0,136.1492850438999
399.3726691740019,88.85831921525165,Autostrada,Maschile,False,42.224758478122546,150.96118920700172
,45.20039859783891,Autostrada,Maschile,False,27.580134081471524,146.79758381074882
520.0522468632481,49.48181991145289,Autostrada,Maschile,False,38.21998330542846,143.59590530181194
496.68171938595253,62.0176943255855,Strada Comunale,Femminile,False,25.43308010355309,148.95049933765893
505.4318499887646,56.88411107077978,,Maschile,False,22.428672522169027,146.59365885437677
441.9684862638526,87.19786881331285,Autostrada,Maschile,True,,
466.9127457243296,64.40019954890386,Strada Comunale,,,33.29234650546877,144.90270878398903
367.9672585591528,93.14874746577838,Strada Comunale,Maschile,False,20.02316162654475,148.11244968445328
416.1909263771097,65.12574437310353,Autostrada,Maschile,False,45.74217748456846,135.33878077390477
535.015921744411,82.6513371605272,Autostrada,Maschile,True,31.808616902704905,
401.3578929818955,59.25064604715795,Autostrada,Femminile,False,38.97492166987292,127.67209543410547
395.41287015266215,58.85183613163245,Autostrada,Maschile,False,29.88369480284674,126.16404293583841
480.44670945456323,45.94012519615789,,Maschile,False,41.068941001414174,132.84144204783897
995.8538859361826,44.240801842505896,Autostrada,,True,27.996647564428578,176.6448386234061
601.3856944751878,48.00461503747502,Autostrada,,True,38.89725838869162,270.1572503850268
371.1790727712754,70.7701182314992,Strada Comunale,Maschile,False,65.93657009835232,130.85190913945445
453.8951094132504,48.65961777575304,Strada Statale,Maschile,False,44.18644987879272,
628.74863499721,76.71368890554315,Autostrada,Maschile,True,38.67949946983459,187.12067812387653
432.07062711816366,59.41229935805137,Autostrada,Maschile,False,39.62955335995364,133.94396491007384
563.0310749932927,46.98176915241844,Autostrada,Femminile,,31.68343731288126,150.1916303205933
559.0477589086601,70.84885868341755,Strada Statale,Maschile,,41.29971857263912,168.48863872846604
559.5677541691526,56.61361258239903,Autostrada,Femminile,True,38.82177369727134,157.20444089974976
521.5345616089271,40.76442870739092,Strada Statale,Maschile,False,41.457360732986075,136.91845528769818
518.8264391401675,76.1194603463401,Strada Statale,Maschile,True,25.995759039592055,164.6608561051056
434.9680394344574,75.0565376841863,Strada Comunale,Maschile,False,18.393271545149744,147.0388380342405
377.65510797463776,100.49909120003414,Strada Statale,Maschile,False,34.06154739481323,155.93029455495486
307.09267970707197,69.45643152292807,Strada Statale,Femminile,False,31.744331524581398,116.98368115975686
501.4000030691778,56.91448281131318,Strada Comunale,Maschile,False,,145.81158686288612
619.7587533971243,67.19912887195687,Strada Statale,Maschile,True,31.491124948887204,177.71105377699038
498.4110030233378,86.97830282238152,Strada Statale,Maschile,True,24.025053058913052,169.26484286257278
755.3103226751715,46.50473259089222,Autostrada,Maschile,True,36.72337588272509,188.26585060774806
516.6878579986915,104.64395437667288,Strada Comunale,Maschile,True,35.85345383130462,187.05273510107662
529.6579166127259,59.42829840696008,Strada Statale,Maschile,False,18.0,153.47422204811323
411.92843516674253,53.86400757664966,Autostrada,Maschile,False,25.272703431806136,125.47689309466824
,72.67279066504786,Autostrada,Femminile,True,47.91468658397221,177.06090486385654
415.13458619101834,83.31546096508933,Strada Statale,Maschile,False,37.07131628910127,149.67928601027515
329.06628314876,64.53719171836839,Strada Comunale,Maschile,False,44.22951667927604,117.44301000444672
434.46520857267365,86.25234169836956,Strada Statale,Femminile,False,49.270228500480044,
656.3365105709835,85.16138055931592,Autostrada,Maschile,True,28.19335555966873,199.39640656164943
543.9152836973992,67.89031897667749,Strada Statale,Maschile,True,25.244225123665824,163.09531192082184
567.0885913006522,57.58407182721418,Strada Statale,Maschile,True,47.716788741208134,159.48497572190178
809.9259082050351,36.51912312134852,Autostrada,Maschile,True,,191.20048013808582
524.8698858508951,58.7650929427036,Strada Comunale,Maschile,False,37.38425428005269,151.98605152434192
570.63970028407,55.76716344305354,Strada Statale,Maschile,True,25.874294396178954,158.74167081125685
546.7978294050858,83.78145053725486,Autostrada,Femminile,True,26.77644483152189,176.38472631082107
278.752769532185,139.086206625572,Autostrada,Femminile,False,35.31170414486732,133.51397759217798
649.6161623420278,79.84489648985699,Autostrada,Maschile,True,39.949775515999434,193.79914966029116
483.80042919104545,80.60140592160337,Strada Statale,Maschile,True,37.07051872104232,161.24121057549178
497.2670691353898,47.109992081218834,,Maschile,False,39.90154368581951,137.14140749205302
538.5600307758981,63.24682291577503,Autostrada,Maschile,True,35.16740547878874,
995.8538859361826,101.04439338863075,Strada Statale,Maschile,False,,139.77902124301215
569.1725027690993,84.09697094909697,Strada Comunale,Maschile,True,28.255786993541804,181.11207731309744
750.6234273696878,50.04142096485407,Strada Comunale,Maschile,True,30.72620888658672,190.1578222458208
294.22904159432915,30.78836152479208,Autostrada,Maschile,False,40.40858888186105,83.4764975386995
402.8450053176123,30.206180757807402,Autostrada,Maschile,False,18.0,104.73394566976839
343.86660233983275,69.70774016137457,Strada Statale,Maschile,False,44.9144360856712,124.53951259706622
411.5242749842245,65.2311304195994,Autostrada,Maschile,False,31.976721730452372,134.48975933252444
508.937774553989,70.62398224473974,Strada Statale,,True,31.999955695403056,158.2867407065896
419.0658117194467,68.59669671003672,Strada Statale,Femminile,False,22.657533416057284,138.69051971191874
525.1608190925023,81.05926140502385,Strada Statale,Maschile,True,44.928225965413745,169.87957294251953
443.11247468751793,92.94357445195111,Autostrada,Femminile,True,40.48940993374816,
516.7083529665493,,Autostrada,Maschile,False,24.87927039312129,146.08047160433802
399.08363675435777,56.07306239305711,Strada Statale,,False,44.74810611730183,124.67517726531725
570.7706378646158,60.37345564340333,Strada Comunale,Maschile,True,37.33524156216863,162.45289208764584
556.207305736665,66.85336487865347,Strada Comunale,Maschile,True,43.26751958712994,164.72415305025578
584.9530436904159,73.08744058783984,Strada Comunale,Maschile,True,,175.46056120835507
506.53767779244953,41.9598558428015,Autostrada,Femminile,False,28.23905937353436,134.87542023273113
398.0729084152516,41.99128476222839,Strada Comunale,Maschile,False,36.96872807411704,113.20760949283304
435.8848763633114,,Strada Comunale,Maschile,False,39.18990328162595,138.62723054752644
754.8128638916874,39.082545556994845,Strada Statale,Femminile,True,44.20455353809151,182.22860922393338
313.58172456847035,53.247386657752145,Autostrada,Femminile,False,37.09149924603303,105.31425423989579
480.6253697528796,70.90167105949273,Autostrada,Maschile,False,43.15418102593547,152.8464107981701
525.0208446290715,90.30144899225562,Autostrada,Femminile,True,36.57562386861156,177.2453281196188
441.4674615014309,79.39810701702697,Autostrada,Femminile,False,,151.81197791390775
505.640165819852,70.23759751889241,Autostrada,Maschile,True,37.59344638422054,270.1572503850268
510.5317518868134,91.53871140645897,Autostrada,Femminile,True,40.00653141877094,175.33731950252985
508.1107415644699,64.24712290615459,Autostrada,Maschile,False,44.02452435560481,270.1572503850268
514.2721465402753,99.32263438831711,Strada Statale,Maschile,True,24.29370513173168,182.31253681870876
548.3611712912725,59.81575449224094,Autostrada,Femminile,True,46.54709133903921,157.52483785204726
489.87029678909926,79.16165414907354,Strada Comunale,Maschile,True,35.727088384533154,161.30338267707867
428.016854692561,76.11243556873045,Autostrada,Maschile,False,,146.49331939349656
671.3093626314098,79.07462600545047,Strada Statale,Maschile,True,32.692257936154085,197.52157333064235
512.142283326378,80.53835501154181,Strada Statale,Maschile,True,33.18981429268932,166.85914067450904
480.53718389973744,49.750782344008925,Autostrada,Maschile,False,40.28530140809406,135.90806265515465
559.5756462690091,55.71880032781566,Autostrada,,,18.0,156.49016951605435
494.252184080478,49.59786288221855,Strada Comunale,Maschile,False,47.045299934246636,138.52872712187045
465.2848938374708,98.06899560770312,Strada Statale,Femminile,True,53.36004512581431,171.51217525365666
450.21483298810654,83.30204825395064,Autostrada,Maschile,True,60.620207820790334,156.68460520078185
466.5067920233634,85.19778026452556,Strada Statale,Maschile,True,58.12767389495311,161.45958261629312
373.6467984660742,60.29035627055627,,Maschile,False,42.003781062316236,122.96164470965986
569.5106948523664,112.92778643718702,Autostrada,Femminile,True,28.73694832285083,204.24436812022293
329.4000606757795,37.750352086926924,Strada Statale,Maschile,False,18.0,96.08029380469745
502.69252965649963,83.32396184234335,Strada Statale,Femminile,True,53.36004512581431,
465.3162096672712,74.55411786250184,Strada Comunale,Maschile,False,18.0,152.7065362234557
365.07618633847324,25.25797775356172,Autostrada,Femminile,False,25.958923525006497,93.22161947054403
434.11321545102066,92.4373701304956,Strada Comunale,Maschile,True,27.34519847386391,160.7725391946006
450.1148669380645,61.36799782371932,Autostrada,Maschile,False,40.42599628151656,139.11737164658837
434.5286644043223,139.086206625572,Strada Statale,Maschile,False,52.56793902438713,153.06217185106485
648.4110739200627,103.62486777370077,Strada Statale,Femminile,True,,212.58210900297314
464.2623156074964,64.17014043290848,Autostrada,Femminile,False,44.67438044614286,144.18857546782607
480.9182691032916,60.53319377875305,Strada Statale,Maschile,False,40.027196104885135,144.61020884366076
562.4278662459535,87.88347465264245,Strada Comunale,Maschile,True,41.318603585693694,182.79235297130467
613.1920277382073,86.82917221895191,,Maschile,True,31.21503365485338,192.101743322803
355.7966116023939,87.21913618425162,Strada Comunale,Maschile,False,25.409088019588097,140.9346312678801
479.8810612782997,55.28794418394151,Strada Statale,Maschile,False,29.74124067498495,140.20656760281315
569.2587774583965,,Autostrada,Maschile,True,32.96194754721711,175.6347577348186
550.0302649461767,79.41359675330389,Autostrada,Maschile,True,31.589868440125098,173.53693039187846
346.20210346393,83.73507980318328,Autostrada,Maschile,False,28.25863446480169,136.22848453533263
483.23487309057595,79.99623435560534,Autostrada,Femminile,True,20.11261241332778,160.64396210259946
385.7075170320244,94.19089182374867,Autostrada,Maschile,False,32.69865102897025,152.4942168654038
473.225545850846,96.16215918863061,Strada Statale,Femminile,True,29.349386463490543,171.5748365210737
382.813080490236,75.17824504164518,Autostrada,Maschile,False,34.686998041119374,136.70521213136334
399.696790446808,74.20435491503363,Strada Statale,Maschile,False,40.64834413515641,139.30284202138853
384.5224145855565,80.7424720486484,Autostrada,Femminile,False,,
420.59849711717743,56.4560425285309,Strada Comunale,Maschile,False,48.19578860368358,
342.69525736993603,100.39598312819402,Strada Statale,Maschile,False,,148.85583797654243
473.6480608492379,47.05236491947459,Autostrada,Maschile,False,53.36004512581431,132.37150410542725
542.9052307387635,94.79784425312695,Autostrada,Maschile,True,23.462118246488338,184.41932155025427
395.872998524987,89.07534260999842,Autostrada,Maschile,False,30.878635358192348,
615.3367151219313,82.24397220417207,Strada Comunale,Femminile,True,24.233448623450535,188.86252078772395
515.6816822434951,40.24890586546356,Strada Comunale,Maschile,False,27.756550477497036,135.33546114106986
456.36830650250965,43.85617127828759,Strada Comunale,Maschile,False,44.374871929018354,126.35859832313201
619.935842500606,67.66985244074853,Autostrada,Maschile,True,23.842390737256647,178.12305045272
995.8538859361826,,Strada Comunale,Maschile,True,33.91653502165919,160.04086023780766
238.21805852482612,76.40910854785592,Strada Statale,Maschile,,22.26501927383969,108.77089854324996
524.0491164225893,78.08068917275334,Autostrada,Maschile,True,53.33556526873849,167.27437462272056
462.52110813279415,85.58339378424856,Autostrada,Maschile,True,35.21617958855168,160.97093665395766
779.3220278493683,100.90687113776711,Autostrada,Femminile,True,35.2814528673845,236.58990248008735
995.8538859361826,84.96479708169991,Strada Statale,Femminile,True,31.977192182227856,184.10972964389202
550.1023889567325,62.16789868698134,Strada Statale,Maschile,True,36.46505500293333,159.75479674093157
517.7759290676113,42.70696478052399,Strada Statale,Maschile,False,46.75596403107917,137.72075763794146
319.45700937105966,36.700025895284575,Strada Comunale,Femminile,False,43.45271746444658,93.2514225904396
530.1572303630634,77.5309397781657,Strada Statale,Maschile,True,,168.05619789514526
623.2409847897874,79.72090779714145,Autostrada,Femminile,True,31.702588104514927,188.42492319567066
353.0859247675479,95.37730566690186,Strada Comunale,Maschile,False,32.61320536916573,146.91902948703108
506.2728847409096,139.086206625572,Strada Comunale,Maschile,True,31.64363704376506,195.02734975693525
471.4666984974459,74.97630382291119,Autostrada,Maschile,False,18.17928332729928,154.27438275781816
578.2527077872114,53.689282381021414,Strada Statale,,True,21.269344457632386,
485.12367853044844,70.45701690332298,Strada Comunale,Maschile,False,28.234802928118274,153.39034922874808
,98.64965054500651,Strada Comunale,Maschile,True,42.95890301179819,197.67905609590235
434.0829860913219,81.73549260892872,Strada Statale,Maschile,False,47.71171389167792,152.20499130540736
793.6045917965791,36.552946523448966,,Maschile,True,,270.1572503850268
660.3525110020728,53.6151964715063,Autostrada,Maschile,True,48.7421022738663,174.9626593776196
530.6095976255336,28.511913297361218,Autostrada,Maschile,False,31.232089001430207,128.9314501629957
475.5615621390954,96.97097259911722,Autostrada,,True,43.97175042009103,172.68909050711284
444.15143596445586,82.42523808257442,,Maschile,False,36.390759921230384,154.7704776589507
537.9233926662079,102.32831225653231,Autostrada,Maschile,True,25.959057721177594,189.44732833846743
340.14124053109424,74.53579604899294,Strada Comunale,,False,34.430862264721185,127.6568849454132
486.76459725025813,44.3445164484498,Autostrada,Maschile,False,33.09617201957475,132.82853260881149
546.2261975399342,93.18376746023034,Autostrada,Maschile,True,50.03230278751644,183.79225347617114
372.7233271960341,43.24288547332707,Strada Statale,Femminile,False,29.361153319302986,109.13897381786848
495.9780505546481,77.28096774428471,Strada Statale,Maschile,True,22.003110747454627,161.0203843063574
480.8584166708635,,Autostrada,,True,48.19639918248339,158.12556676838255
497.40026460361,77.5716535068564,Autostrada,Maschile,True,34.25960954590193,161.53737572620713
,100.42293719904555,Strada Comunale,Femminile,True,,270.1572503850268
461.3974424000633,73.05402291979726,Strada Comunale,Maschile,False,23.62101584279998,150.72270681585047
596.8180976452999,65.03973496215814,Autostrada,Femminile,True,26.823636413456356,171.39540749878648
738.6925833986907,52.99359847565793,Autostrada,Maschile,True,18.0,190.13339546026447
639.725400492347,95.24122709146951,Autostrada,Femminile,True,47.44577185292904,204.13806177164503
434.2887908543522,48.17844696907089,Strada Comunale,Femminile,False,38.54874269076387,270.1572503850268
416.72261489540836,80.17963230292732,Strada Statale,Femminile,False,18.0,147.48822882142355
706.3690856520125,46.49672152772119,Strada Statale,Femminile,True,50.35124054974787,178.47119435257946
548.7520704528728,55.039316324909,Autostrada,,False,35.78509614941105,153.78186715050177
579.5068121112879,59.72427652055774,Strada Statale,Maschile,True,18.0,163.6807836387038
541.0738326161179,65.04412510348543,Strada Statale,Maschile,True,28.117117244913686,160.25006660601193
429.6141670853698,,Strada Statale,Maschile,,28.07489153151567,163.52555913113366
501.9620064120678,104.57806218275098,Strada Statale,Maschile,True,28.305591442695768,184.05485102861437
579.2568453507918,74.01110556252344,Strada Statale,Maschile,,32.45985762905127,175.06025352017713
441.1924318897072,81.47559654460174,Strada Comunale,Maschile,False,53.36004512581431,153.41896361362285
,42.84370135075207,Strada Comunale,Maschile,False,34.12683282320743,150.35270312564944
630.3737243619444,69.56597285508347,Autostrada,Maschile,True,38.139525124507045,181.72752315645567
588.6100739449204,81.76623644926573,Autostrada,Femminile,True,29.544582099793548,183.13500394839667
412.19381071502403,60.914486799416494,Autostrada,Maschile,False,44.431677928787906,131.170351582538
569.7392894481037,58.14053310773744,Autostrada,Femminile,True,48.420342081262326,160.46028437581072
689.787136119641,75.83173245524263,Autostrada,Maschile,True,61.282008783071454,270.1572503850268
500.93885170581336,84.41584439329202,Strada Statale,Maschile,True,53.86382108680405,167.7204458557963
404.53875446477883,113.023461865278,Autostrada,Femminile,True,18.0,171.32652038517818
563.3920648254207,72.22630721677103,Autostrada,Maschile,True,54.09890512839911,170.45945873850096
423.40221758397644,56.891536456502365,Strada Statale,Maschile,False,25.58584104155568,130.19367268199719
635.5082602192376,70.84690868778365,Autostrada,Maschile,True,46.117657048427645,183.77917899407447
995.8538859361826,112.98816745260766,Autostrada,Maschile,True,28.76805329356286,
497.67908665121973,,Autostrada,Maschile,True,41.69539128944566,169.95245756143868
436.14740710485097,50.15174973187326,Autostrada,Maschile,False,27.907344234210356,127.35088120646881
476.2040349638663,94.3286099405795,Strada Statale,Maschile,True,20.042522226254178,170.70369494523686
580.6851623203618,57.74680718990521,Autostrada,Maschile,True,41.04170055075541,162.33447821599654
532.5536449124982,58.85563024205916,Strada Statale,Femminile,False,53.371011256534416,153.59523317614696
413.6653842818446,72.94052333042254,Autostrada,Maschile,False,34.87337413486871,141.08549552070696
465.4830667819438,,Autostrada,Maschile,False,18.0,144.48622914824017
476.8076913963918,74.25506716665323,Autostrada,Maschile,False,44.145926008437634,154.76559201260096
453.84663668373656,49.025574243078864,Autostrada,Maschile,False,30.704574631005165,129.98978673121042
516.7308986214883,84.93148752679662,Strada Statale,Maschile,True,32.86226633512907,171.29136974573498
682.769479680072,71.01241792752516,Autostrada,Maschile,True,38.433890446764885,193.36383027803456
407.9885944584138,53.52012439111097,Autostrada,Maschile,False,24.10885398451648,124.41381840457154
434.4663809332181,62.858698747246564,Autostrada,Maschile,False,26.376190064289553,137.18023518444087
448.5622515305672,88.72221819319238,Strada Statale,Maschile,True,36.0512589067554,160.69022486066734
453.06211334817056,65.22745482877727,Autostrada,Femminile,False,43.44351995827648,142.79438653265595
475.8715567503421,63.199333392335916,Strada Statale,Maschile,False,33.11413381273088,145.73377806393717
345.5193287980942,43.891115884315084,Autostrada,Maschile,False,36.601410686162055,104.21675846707092
677.4696764741208,50.73854826067796,Strada Statale,,True,24.67905756727016,176.0847739033665
383.99357062882297,70.82992895770812,Strada Statale,Maschile,False,32.80229690034358,133.4626572919311
294.12040390840264,89.3295774396451,Strada Statale,Femminile,False,39.4256457764627,130.2877427333966
543.3774935041523,78.32774459151699,Autostrada,Femminile,True,21.264730440238953,
503.1062539511506,61.192288186683015,Strada Statale,Maschile,False,41.46069901436925,270.1572503850268
508.7803651454881,139.086206625572,Strada Statale,Femminile,False,43.26203404995667,140.78690908377058
721.1544252006331,55.253719987214645,Strada Statale,,True,40.476836410741555,188.43386102989834
419.024455089875,,Autostrada,Maschile,False,29.499733664597432,138.09533934637602
557.7699778211504,61.11669668548664,Autostrada,Maschile,True,18.0,160.4473529126194
622.8614618864056,37.69191691029575,Strada Comunale,Maschile,False,35.46896023154439,154.72582590551772
447.45837451023317,58.41637603246927,Autostrada,Maschile,False,29.51973640751344,136.22477572802205
510.68508570652045,94.00910449860615,Strada Statale,,True,30.220000726915632,177.34430074018903
513.9478181151926,76.71795714044006,Autostrada,Femminile,True,45.10850330871095,164.16392933539058
548.719085469805,61.278453512035085,Autostrada,Femminile,True,36.654345731562536,158.76657990358908
676.4965126589823,49.34081302559604,Autostrada,Femminile,True,30.39902366580131,174.7719529522733
543.9102219997625,78.82701162556856,Autostrada,Maschile,True,32.855606982157724,171.84365370040734
,,Strada Statale,Maschile,False,48.12095879179385,115.38894969902597
577.1768551429059,83.7660198408937,Autostrada,Femminile,True,39.59573631716941,182.44818690129614
610.7724020478612,91.00451731190887,Strada Statale,Maschile,True,42.10809787526682,194.95809425909934
493.1156921067884,57.74323204295094,Strada Statale,Maschile,False,32.63412588732594,144.81772405571843
464.8394517365955,44.79588799018996,Strada Statale,Maschile,False,33.40884481717584,
479.02856480489413,47.94058672173847,Autostrada,Femminile,False,,134.1581823383696
495.73390740120215,,Autostrada,Maschile,True,24.444379477101336,167.7603587875426
552.9012262819301,55.762421138212304,Strada Comunale,Maschile,False,40.587784780722444,155.19018216695588
,139.086206625572,Autostrada,Maschile,True,31.069765302336176,170.90712419450614
,60.81591247428598,Autostrada,Maschile,False,26.04011982316154,139.32521253797174
376.150887330429,33.90486156502032,Strada Statale,Maschile,False,35.70495000026247,102.35406671810206
326.0052627266976,80.12621258829043,Strada Comunale,Femminile,False,38.58726309648345,129.30202261597185
647.8583005508126,63.606871191823814,,Femminile,True,36.843223541820926,180.4571570636216
386.8348967993423,94.55977097788781,Strada Comunale,Maschile,False,40.141022149476726,153.0147961421787
448.2943376212989,62.81494066695137,Autostrada,Femminile,False,53.36004512581431,139.9108200578209
431.2588208846857,30.289545433396874,Autostrada,Maschile,False,20.896939714255105,110.48340052365464
454.93560093612,91.37884306637156,Autostrada,Maschile,True,40.99399415210869,164.09019464032127
508.38804640118485,71.92162907631831,Strada Statale,Femminile,True,49.07751605460385,
463.6235022451474,99.89508264879396,Strada Statale,Maschile,True,34.04434898163749,172.64076656806466
329.97626206974326,43.763455166737295,Strada Statale,Femminile,False,24.21357532375325,101.00601654733848
416.4090321540995,96.46208885204749,Strada Comunale,Maschile,True,45.153437392855224,270.1572503850268
355.3615764529831,50.14333201869294,Strada Statale,Maschile,False,,111.18698090555097
515.7044619479473,,Strada Statale,Femminile,True,33.38884226271954,157.65381108571506
567.5584582880309,103.53694678072131,Strada Statale,Femminile,True,49.186217117819915,196.34124908218325
747.5341627917796,69.17634996787463,Autostrada,Maschile,True,50.08154153583556,204.84791253265564
638.4030876804202,76.46252210432087,Autostrada,Femminile,True,44.32775209629106,188.85063521954075
596.2769055195124,111.2141845210387,Autostrada,Maschile,True,21.5662398005681,208.22672872073346
568.8297187199212,91.67120490545989,Autostrada,,True,34.45901729162481,187.10290766835215
464.935701958859,59.84327949045681,Autostrada,Maschile,False,30.449487305237856,140.86176398413727
496.82663120792364,79.84921629166868,Autostrada,Maschile,True,33.4723059797501,163.2446992749197
443.3853612816099,83.76895540922428,,,,28.52157642421156,155.6922365837014
498.0594480219613,94.61655271456746,Strada Comunale,Femminile,True,41.050218373363236,175.30513177604627
545.9058572554294,91.92066785725437,Autostrada,Maschile,True,26.652510029995966,
319.1380996582875,95.30457869177613,Autostrada,Maschile,False,26.33032814204214,140.0712828850784
690.0481900476645,68.11427887246373,Autostrada,Femminile,True,32.05481845296392,192.50106110750392
995.8538859361826,100.07224456786972,Autostrada,Maschile,True,40.33328392296458,183.41167592904918
446.4708536600019,36.967834348235556,Autostrada,Maschile,False,52.65588403838524,118.86843821058883
617.2316059013224,37.85790083080038,Strada Comunale,Femminile,False,41.94991172442672,153.73264184490478
492.8556860419727,37.131764067972775,Autostrada,Maschile,False,44.09957970442724,128.27654846277278
572.147302156491,74.50758427457635,,Femminile,True,,174.03552785095928
710.0453395735016,85.09073630614651,Strada Comunale,Maschile,True,39.210625966573964,210.08165695961753
330.11817527925973,43.381509434149024,Autostrada,Femminile,False,37.219844394424854,100.72884260317117
529.8371223710191,60.80095244505946,Strada Comunale,Maschile,False,34.08948794706969,154.6081864302514
406.61595403322536,68.23222729680809,Autostrada,Maschile,False,53.36004512581431,135.90897264409153
566.826705096607,73.376735481927,Autostrada,Femminile,True,42.057795103579096,172.06672940486303
491.81763404647637,67.26891027064131,Strada Statale,Maschile,,32.526288514436196,152.17865502580833
493.1852989013771,100.5361016547311,Autostrada,Maschile,True,43.59535007003147,179.0659411040603
,68.28929357230925,Strada Comunale,Maschile,True,18.592668331577368,164.41858450341397
501.094243250906,32.27929842515708,Autostrada,Maschile,False,43.29185334942093,126.04228739030687
493.60972604194745,98.72779572485932,Autostrada,Maschile,True,26.790174214633694,177.70418178827697
640.8270837411224,71.29991447373939,Autostrada,Femminile,True,32.223595282696074,
550.0596971286125,88.39807659798643,Autostrada,Maschile,True,27.865299789033067,180.73040070411164
442.7371610991128,54.419581863461204,Autostrada,Maschile,False,42.042688736541365,132.08309771059152
550.4068487091112,74.47037083098957,Strada Comunale,Maschile,True,43.70279457464599,169.65766640661388
573.517087303886,93.07453823256779,Autostrada,Maschile,True,33.45277565030641,189.16304804683142
491.7942399387227,91.02842422352208,Strada Statale,Femminile,True,37.27630629132613,171.1815873665622
576.8945939019783,,Strada Comunale,Maschile,True,18.0,178.46446655381092
614.2874808500376,65.22892601289276,Autostrada,Maschile,True,20.46373905683108,175.04063698032172
,66.73407573171589,Strada Statale,Femminile,True,35.636740637517285,173.33686347685122
602.4152778668113,59.801298021052354,Autostrada,Maschile,True,32.59141822787082,168.32409399020415
543.8147311866793,82.10584751609889,Autostrada,Maschile,True,33.99381025018704,174.44762425021497
492.3308859712412,59.92456284889821,Autostrada,Femminile,False,24.962304972220217,146.40582747336683
406.21102739581795,48.14708603003412,Strada Comunale,,False,18.0,
334.35787834602604,84.1372756070626,Autostrada,Maschile,False,32.53656263722155,134.1813961548553
720.0171587917813,50.18240244267332,Strada Comunale,Femminile,True,46.75064501346928,184.14935371249493
569.6735718705902,79.69633307602452,Strada Comunale,Femminile,True,38.89239963126996,177.69178083493767
553.2917485424844,53.41871927886872,Strada Statale,Maschile,False,38.38864690658962,153.39332513159184
556.9887484411502,83.5929762203025,Strada Comunale,Femminile,True,18.0,178.27213066447206
480.61212738852026,139.086206625572,Autostrada,Maschile,False,37.97451693801501,149.60469444644534
557.0340715374226,68.29064741489147,Autostrada,Maschile,True,34.57457428164376,166.0393322393977
465.47536990846345,47.199260023539395,Autostrada,Maschile,False,27.622896863765426,130.8544820005242
521.4582895743885,89.15921946964474,Autostrada,Femminile,True,35.39347179866072,175.6190334905935
548.9216736639713,83.70157153033388,Autostrada,Maschile,True,41.368999460560886,176.74559195706138
447.0891235608084,113.4005703968186,Strada Comunale,Maschile,True,27.51510328132166,180.13828102961656
605.3963179610031,84.9990939533863,Autostrada,Femminile,True,41.190078034878084,189.0785387549097
409.23566309073743,92.68182451817114,Autostrada,Maschile,False,35.656083982648845,155.99259223268442
539.6706058861732,81.55398830517198,Autostrada,,True,42.5538989754564,173.17731182137226
527.5774891464021,52.72008253894776,Autostrada,Maschile,False,29.875281533844472,147.69156386043863
673.75524526399,80.39353946507498,Strada Comunale,Maschile,True,39.9317579753735,199.06588062485798
605.2179103747718,49.59302437766456,Autostrada,Femminile,True,52.5685889835259,160.71800157708603
459.2011576978693,93.77434912642627,Strada Comunale,Maschile,True,26.04661567267917,
551.8551918576126,101.98860264239607,Autostrada,Maschile,,45.08436943785962,191.96192048543938
392.8057945585313,60.7595384038995,Autostrada,Maschile,False,56.44780302611813,127.16878963482587
634.2366201749694,84.73105305748214,Autostrada,Maschile,True,40.470512233989524,194.6321664809796
453.14158110631814,47.859970829980995,Autostrada,Maschile,False,27.04999967751564,
364.1354577314309,,Strada Comunale,Maschile,False,44.492244552192055,122.0729772232304
519.8312205265055,63.3656475835053,Autostrada,Femminile,False,30.908330904902094,154.65876217210536
595.6605992041648,120.96918257003313,Strada Statale,Maschile,True,30.165137720666937,215.90746589685946
434.34108530109745,79.35588963304816,,Maschile,False,34.62118535432181,150.352928766658
403.9960949955778,66.69821799242584,Autostrada,Maschile,False,40.307121322868,134.15779339305624
533.4840842836035,93.3292205921478,Strada Comunale,Maschile,True,45.34781077893372,181.36019333043896
465.6526050379007,70.51920320966387,Autostrada,Maschile,False,,149.54588357531125
454.70213343872325,77.89315079242358,Strada Comunale,Femminile,False,40.200295244652,153.25494732168352
529.0420797910598,103.63535909783603,Strada Comunale,Maschile,True,40.3806964266649,188.71670323648078
548.7526752030735,63.91944489484248,Strada Statale,Maschile,True,27.729336586575542,160.8860909564887
440.55392792280907,29.783781177440176,Strada Statale,Femminile,False,32.81698344929438,111.93781052651397
441.5921671187184,53.38880543467674,Autostrada,Femminile,False,34.386565354639785,131.02947777148506
995.8538859361826,87.16956553538917,Strada Statale,Maschile,True,25.32559936129735,172.4776440002452
443.1158414972628,85.04470986873497,Strada Statale,Maschile,True,33.41297118288803,270.1572503850268
443.90224511393535,69.32802931594071,Autostrada,Maschile,False,22.311087103683356,144.24287247553966
644.2394469751429,69.37049223273391,Autostrada,Maschile,True,30.488935128922197,
509.8406891225551,82.37087677650615,,Maschile,True,45.77388469658098,167.86483924571593
995.8538859361826,90.64198158040514,,Maschile,True,25.889011336645922,173.02117972954008
481.8532954591852,112.5694316321335,Strada Statale,Femminile,True,31.258765117973535,186.42620439754384
363.23665147751024,60.69882284821855,Strada Comunale,Femminile,False,21.53101266473888,121.20638857407688
480.27043477483585,70.90173826569894,Strada Statale,Maschile,False,36.98574163136249,152.77547756752634
459.7155227177816,111.81812316185547,,Maschile,True,,181.39760307304073
455.7947088149163,53.858851385178454,Strada Statale,Femminile,False,37.72663280814621,134.24602287112603
557.3894912674932,76.7679513136425,Strada Statale,Maschile,True,44.999496092712654,172.89225930441265
580.7755528652611,39.477572871251986,Autostrada,Maschile,False,31.834108934864062,147.73716887005384
655.1567286390354,85.6681150720652,Strada Statale,Maschile,,34.804017994755796,199.56583778545922
490.10458526787124,31.520440666398933,Autostrada,Maschile,False,49.444050437358854,123.2372695866934
320.8184430580824,63.76151758053962,Autostrada,,False,,115.17290267604818
381.5515195740296,47.989780855167396,Strada Statale,Femminile,False,41.93374142501373,114.70212859893985
,43.65576440352676,Strada Comunale,Maschile,False,27.80737426952674,147.1789196420553
475.74101105371807,85.19648767730217,Strada Comunale,Maschile,True,42.357608153992615,
557.4530515054614,,,Maschile,True,23.81547675281754,174.7157847965327
564.3967895418392,92.8276029968011,Autostrada,Maschile,True,22.527410742238402,187.14144030580874
432.9401936189321,61.55502144826626,Autostrada,Maschile,False,58.87369980713204,135.83205588239943
664.3570773284014,49.6652928491024,Autostrada,Maschile,True,26.06015550442268,172.6036497449622
487.09637653354736,64.74863992532075,Strada Statale,Maschile,False,46.79297132535062,149.21818724696607
592.5908104417782,,Autostrada,Maschile,True,30.161658275456393,
397.93458199137785,28.686202426553763,Autostrada,Maschile,False,42.50773326176697,102.53587833951859
490.9770891417928,68.86649310521123,Strada Statale,Maschile,False,40.29055552232184,153.28861231252756
497.82361546692107,48.170752751249076,Strada Statale,Femminile,False,40.152214696047935,138.10132529438349
600.800307042647,71.25400254607763,Autostrada,Maschile,True,26.925081586988355,177.16326344539152
624.8818253196697,36.135253791759446,Autostrada,Maschile,False,27.419859211499826,153.8845680973415
583.0009289732243,76.38108230307778,Strada Statale,Femminile,True,51.56696257026361,177.7050516371071
374.53890323224186,66.38033765425435,Autostrada,Femminile,False,42.85982990745375,128.01205076985184
466.17860163562693,71.49386365597532,Autostrada,Maschile,False,,150.43081125190565
597.6648602293986,60.15575374115025,Strada Statale,Maschile,True,40.42813374892768,167.65757503879993
338.3173168979938,62.31366650207018,Strada Comunale,Femminile,False,30.795542587476728,117.51439658125491
565.342736481283,52.88134177943858,Autostrada,Femminile,False,37.30272149939631,155.3736207198075
663.1987981287347,81.22260059880482,Strada Statale,Maschile,True,36.20179846122929,197.6178401047908
614.8724165316592,65.8487003637038,Strada Comunale,Maschile,True,36.78609834613426,175.65344359729488
576.1951751157605,120.99030390402987,Autostrada,Femminile,True,32.58418054124403,212.031278146376
670.0613220331378,86.21639626699304,Autostrada,Femminile,True,37.79693836214615,202.98538142022198
411.89826424475217,88.25945688077053,Strada Comunale,Maschile,False,48.82195177790482,
,54.075573052628,Strada Comunale,Maschile,True,29.749682262525866,156.74294269291465
692.8093322340817,54.921361351626636,Strada Statale,Maschile,True,38.312129734335386,182.49895552811765
401.83015198822443,72.96568187762884,Autostrada,Femminile,False,32.03890169365196,138.73857589974796
488.7858224951553,79.50683227501852,Autostrada,Maschile,True,31.40840276154642,161.36263031904588
348.66684062959143,61.75361692648049,Autostrada,Maschile,False,30.832811491085707,119.13626166710269
509.39254213322687,64.5829581965548,Autostrada,Maschile,False,48.73588936877565,153.54487498388923
416.34986410969753,90.35893793363007,Strada Statale,Maschile,False,43.44823002863519,
652.8290577418172,,Strada Statale,Femminile,True,,185.1899162101874
544.9458852049669,49.26677676511571,Autostrada,Femminile,False,42.75768784424829,148.40259845308594
411.10581641531127,64.3705258124994,Autostrada,Maschile,False,24.402236459258642,133.71758393306177
444.44352314933195,75.11248080320401,Autostrada,Maschile,False,25.649005490340052,148.97868927242962
498.5926364109762,92.08622350063861,Strada Comunale,Maschile,True,44.09658466177202,173.38750608270612
431.92886159714095,89.61036976262619,,Femminile,True,31.891900303321613,158.07406812952917
519.1910660985591,59.44804049200016,,Femminile,,37.889836011351086,151.39664561331193
599.688212753749,65.39157839020115,Autostrada,Femminile,True,45.28519708560076,172.25090526291072
528.7378158460317,51.84474245453023,Strada Statale,Maschile,False,31.427138610872962,147.22335713283053
412.85722282849224,55.44568615482017,Strada Statale,Maschile,False,38.04054287682141,126.9279934895546
516.696345207428,139.086206625572,Autostrada,Maschile,,35.919906573653016,172.77825206257586
552.1780621984341,71.46156503698732,Autostrada,Maschile,True,28.021481446790943,167.6048644692767
540.5351898506411,67.33773906232453,Autostrada,Maschile,True,32.518529103382754,161.97722921998786
574.1095787970962,45.50161484652775,Autostrada,Maschile,False,37.80423680648409,151.22320763664146
555.4308711078438,67.26799498833577,Autostrada,Maschile,True,37.006169308475954,164.9005702122374
606.4150668950332,75.86026394138406,Autostrada,Femminile,True,28.29002345687714,181.9712245321139
527.1563245752013,57.85527240813913,Strada Comunale,,False,31.186137393034173,151.7154828415516
,68.57085479837642,Autostrada,Maschile,True,44.53231023352928,159.4552438655044
494.9928282438557,57.58223252889135,Autostrada,Femminile,False,36.97072258506707,145.06435167188422
500.26088940738913,48.68257569391041,Autostrada,Maschile,False,57.11869111196503,138.99823843660616
515.5850729342051,84.85657365278198,Autostrada,Maschile,True,27.797744105449986,171.0022735090666
488.012680452602,89.75899906052298,Autostrada,Femminile,True,18.0,169.4097353389388
440.50439928589424,55.898891200232995,Autostrada,Maschile,False,35.806428441598854,132.81999281736526
427.08001589052043,89.51316708357685,Strada Statale,Maschile,True,24.129436442942712,157.02653684496556
503.85538793618326,77.36677302226683,Strada Comunale,Maschile,True,33.33737376942722,270.1572503850268
588.7160703921616,73.09670112322377,Strada Statale,Maschile,True,37.07782736642219,176.22057497701132
636.3256736903566,62.83335593917397,Strada Comunale,Maschile,True,52.56005260323277,177.53181948941048
586.552514835928,57.175733239952834,Strada Comunale,Femminile,True,34.816566140191036,163.0510895591479
547.7699578664779,,Autostrada,Maschile,False,38.924624725719156,150.89621039722888
582.0026157917056,106.91785551947956,Strada Comunale,Maschile,True,27.48538376931872,201.9348075739248
396.68114143647813,41.49744148758437,,Femminile,False,44.95348549440064,112.53418147736312
653.9443470016662,99.27078491881493,Strada Comunale,Femminile,True,42.142931252187005,210.2054973353852
659.1995238335613,92.71021794854504,Autostrada,Maschile,True,39.329986772386164,206.0080791255483
421.1216586974108,40.030029628328315,Strada Statale,Maschile,False,33.59887444440052,
485.6928770534067,118.0551114409672,Autostrada,Femminile,True,25.720629328331853,191.5826645634551
,90.46801842774096,Autostrada,Maschile,,55.793429446594175,125.08401025882884
691.9076269737737,68.013384150271,,Maschile,True,33.89695100325418,
,88.54062869941703,Autostrada,Maschile,,50.296441013050256,193.2645438761744
437.16098916578375,83.65828651195399,Strada Statale,Maschile,False,39.63291275636585,154.35882704271995
467.5683392056628,,Strada Statale,Maschile,False,44.173159047219904,135.11921715954148
510.2652983572664,69.51805793314689,Strada Comunale,Femminile,True,48.21530259552993,157.6675060179708
995.8538859361826,86.45147442160503,Strada Comunale,Maschile,True,33.71673169479935,165.58799710840194
400.9718465923343,56.07653042347441,Strada Statale,Femminile,False,53.36004512581431,125.05559365724639
581.006308472813,30.349394263818517,Strada Statale,Femminile,False,27.917893432381316,
995.8538859361826,67.4960259371943,Strada Comunale,Maschile,True,18.0,169.26107657993865
367.2200555705631,72.79610639087602,Autostrada,Maschile,False,31.180360293929525,131.68089622681345
578.2288507095635,90.8111380304708,Autostrada,Femminile,True,24.604495506880973,188.29468056628934
289.7150026296954,65.173546883459,Strada Statale,Maschile,False,42.90173896650088,110.08183803270629
423.13856803078363,12.47182960983114,Autostrada,Maschile,False,41.56171778304223,94.60517729402164
451.5847812480992,71.49356178618476,Strada Comunale,Maschile,False,25.796941583369183,147.51180567856767
,46.406182716097284,Strada Comunale,Maschile,False,38.26958110696343,129.4018313515912
383.85184904124145,65.40655280784918,Autostrada,Maschile,False,44.27247149396299,129.09561205452763
,58.990639516002716,Strada Statale,,False,31.30379784256116,152.60407924981214
551.5067370000669,81.975734095918,Autostrada,Maschile,True,47.5795714486927,175.8819346767478
525.5373770039279,83.80457176370959,Autostrada,Maschile,True,48.05351124997736,172.15113281175326
426.10135591707024,76.08002533726324,Strada Comunale,Maschile,False,26.099256056490116,146.08429145322464
416.7110040326626,67.3795410367412,Strada Comunale,Femminile,False,56.11720642212582,137.24583363592546
479.77642976505916,91.4210021553086,Strada Statale,Maschile,True,40.390622894073836,169.09208767725872
518.531487884329,44.94807895840675,Strada Comunale,Maschile,False,18.0,139.6647607435912
467.93761255010014,89.57870222036533,Strada Statale,Maschile,True,38.34289353107246,165.25048428631231
455.5492508662628,99.81534186353247,Autostrada,Femminile,True,26.31601939499665,170.96212366407855
640.3595743476894,42.832065190286755,Autostrada,Femminile,True,48.21795977124688,162.3375670217673
544.5219324920664,80.29938775969292,Strada Statale,Maschile,True,18.0,173.14389670616762
479.8900297876979,47.84053757967319,Strada Comunale,Maschile,False,34.608248563049784,134.25043602127815
635.6702418139624,102.38002928764912,Autostrada,Maschile,True,26.233347176252853,209.0380717929118
567.3761485600616,72.75863181150848,Strada Comunale,Femminile,,27.06206173359717,171.6821351612191
332.98478280665495,95.76573642133582,Strada Comunale,Maschile,False,32.24797103941453,143.20954569839967
408.0703742957658,48.77988401958561,Autostrada,Maschile,False,49.323859912378445,120.63798207482165
462.3667359272873,49.56963374642214,Autostrada,Maschile,False,45.09989364820383,132.12905418259518
553.2505165283787,58.28991354768171,Strada Statale,Maschile,True,38.31156583399779,157.28203414382114
483.97705782074894,50.40887291102909,Strada Statale,Maschile,False,31.694450713669312,137.12250989297306
578.7149464142533,77.66119942024848,Strada Statale,Femminile,True,39.69864133938132,177.87194881904944
559.2007897476158,75.82386241537155,Autostrada,Maschile,True,55.208787829961466,172.4992478818204
679.1731749441769,79.33351346113764,Autostrada,Femminile,True,57.128713327774165,199.3014457577455
700.1665341228701,69.47677997988055,Strada Statale,Maschile,True,53.392109477648866,195.61473080847847
465.7627372981966,79.21161585419395,Strada Statale,Maschile,False,33.70089683013982,156.52184014299448
539.7685847089745,66.83905241511263,Strada Statale,Femminile,True,39.468028935178054,161.424958873885
354.3756228932933,63.727883606546996,Autostrada,Maschile,False,39.69265679903862,121.85743146389626
587.3635698139412,97.42546363848614,Strada Comunale,Maschile,True,46.084591937555956,
355.5456702890316,38.32489905034695,Autostrada,Maschile,False,20.447765318726127,101.76905329808388
319.50188568613356,45.27933406900823,Autostrada,Femminile,False,34.888131483209186,100.1238443924333
620.3806338961698,85.42605469077134,Strada Statale,,True,28.757753427907744,192.41697053185104
376.60114582085856,64.70655406662601,Autostrada,Maschile,False,39.78763939301248,127.08547241747253
509.54405424908487,,Autostrada,Maschile,True,18.0,169.53646869942045
559.4286666145589,66.97366469784123,Strada Statale,Femminile,True,44.37055392145679,165.46466508118476
457.66528100518417,60.0403588478465,Autostrada,Maschile,False,51.75520492464699,139.56534327931405
395.1048241732569,83.03406894163655,Autostrada,Maschile,False,37.95380081499486,145.4482199879606
563.7970183719044,46.414721854454385,Strada Statale,Maschile,False,28.954247101109196,149.8911811579444
537.059272285724,139.086206625572,Strada Comunale,Maschile,True,29.850959751488332,184.05916427420317
223.30633272610777,70.55628155604145,Strada Statale,Femminile,False,34.779615492364805,101.10629179005473
505.71683472522216,70.72826615755524,Strada Statale,Femminile,True,32.64779724765299,157.7259798710886
540.6586468734733,49.15713343657712,Autostrada,Maschile,False,29.80853450250523,147.45743612395637
496.7106408031695,,,Femminile,True,38.9192647397824,158.3493198177596
506.78654506159455,61.15895244602568,Strada Comunale,Maschile,False,52.363749279720324,150.28447096913948
596.333705104858,76.15417908856634,Autostrada,Femminile,True,31.192160117283986,180.1900842918247
456.8439579398785,87.09691466500874,Autostrada,Maschile,True,41.88081581830088,161.04632331998272
430.8338067198945,56.38320761363049,Strada Statale,Femminile,False,49.545553495095945,131.2733274348833
438.7023172147417,56.426762212424606,Autostrada,Maschile,False,18.52043772547576,132.88187321288802
554.1309986975583,105.10484214273365,Strada Statale,Maschile,True,39.56430757607055,194.9100734536986
200.92241814399097,115.33006996727553,Strada Comunale,Femminile,False,36.92781832727471,132.44853960261864
462.5323915416657,33.8838693213009,Autostrada,Maschile,,54.520671403885295,119.61357376537387
595.221559588471,85.61286099326904,Strada Statale,Maschile,True,41.99801291431655,187.53460071230944
543.8799458384548,89.19787949334756,Strada Statale,Femminile,True,44.808465209083245,180.134292762369
508.56088851177736,90.85585463119278,Autostrada,,True,40.56622713209159,174.3968614073097
540.4590560378765,119.85008138813029,Strada Statale,Femminile,True,36.15469316237623,203.97187631807952
522.3241589410063,65.27522356850157,Autostrada,Maschile,True,38.46283791824996,156.68501064300253
469.98030035813736,65.95740761719914,Strada Statale,Maschile,False,23.66541577368137,146.7619861653868
429.78193102713277,74.68604892781033,Strada Statale,Femminile,False,58.97931645733136,145.70522534767483
541.467483705585,70.7928894104425,Strada Statale,Femminile,True,21.55824698371716,164.927808269471
411.10535083284685,48.096982833175524,Autostrada,Femminile,False,29.136024167683885,120.69865643310979
551.9628454264871,83.10097149120635,Autostrada,Maschile,True,38.34096420162472,176.8733462782625
468.16015189009545,49.993454597896005,Strada Comunale,Femminile,False,18.0,133.6267940563359
691.3905907454925,85.80976100140997,Autostrada,Femminile,,40.017862456659316,206.92592695022648
531.6839477603246,71.4309874430234,Strada Statale,Maschile,True,22.074494593664504,163.48157950648365
545.0729575605525,102.26892595918885,Strada Statale,Maschile,True,41.971960669509,190.82973227946158
438.2595953688476,57.30547904566268,Autostrada,Maschile,False,39.79730219357833,133.49630231029968
472.58154623301965,33.10780179360944,Strada Statale,Maschile,False,24.815133568676913,
431.28019377640965,91.09615758685607,Strada Comunale,Maschile,True,41.2867163424167,159.1329648247668
539.1563699650179,73.30106656470196,Strada Statale,Femminile,True,36.12679402929126,166.47212724476515
556.0076434508194,95.11298309374207,Strada Statale,Maschile,True,43.05015061496805,187.29191516515755
420.558507564836,68.56855869170833,Strada Statale,Maschile,False,40.40395995335216,138.96654846633388
380.23779321329664,59.64821310812147,Strada Statale,Maschile,False,39.70079629211769,123.7661291291565
308.7985456966994,69.10777116755725,Strada Comunale,Maschile,,26.64568445966636,117.04592607338569
337.9176065128188,60.474979690277536,Strada Comunale,Maschile,False,24.028397409462613,115.9635050547858
410.0430127877413,95.42941468404749,Strada Statale,Maschile,True,35.822420357178736,158.35213430478626
396.85065594446706,70.85980609408058,Autostrada,Maschile,False,18.0,136.05797606415788
487.4490073441242,80.20703226808565,Autostrada,,True,21.298009671866247,161.65542728329336
517.6564491452052,58.716721276229535,Autostrada,,False,,150.50466685002468
500.54476550386903,60.59924167170932,Strada Comunale,Maschile,False,36.828703268243345,148.5883464381413
436.3874863217682,99.28553390497984,Strada Statale,Femminile,True,25.944627146356783,166.70592438833754
,57.124453744576314,Autostrada,Femminile,False,22.83546976401754,119.42507630853538
444.34315012496717,92.22358653819119,Autostrada,Femminile,True,48.53253910506328,162.6474992555464
632.9179810042185,72.63519941356374,Strada Statale,Maschile,True,34.70419691541117,184.6917557316947
501.5274375764079,72.15220436175233,Autostrada,Maschile,,36.67848390324349,158.02725100468345
459.5858090593798,71.37815492183867,Strada Statale,Femminile,,19.08997656287443,149.0196857493469
557.1662910665275,64.39404003340103,,Maschile,,32.44744201124107,162.94849024002633
440.20023848581116,78.65567021757411,Autostrada,Maschile,False,30.961618548474295,150.96458387122152
626.5672431607344,43.80848704549069,Autostrada,,True,18.0,160.36023826853943
383.9458647164746,54.93167980604132,Strada Statale,Maschile,False,45.65454341734534,120.73451678812799
440.7903487435303,76.65099556312182,Strada Comunale,Maschile,False,,149.4788661992035
418.5563968903386,58.31207199279056,Autostrada,,False,21.088814582759163,130.36093697230018
434.39117345219296,82.35732838501201,Autostrada,Maschile,False,42.95742794625643,152.7640973984482
688.28445435285,91.73403165460581,Autostrada,Femminile,True,,211.04411619425468
,86.77522569029622,Strada Statale,,True,25.539397565664817,167.88805886307756
558.2815318591696,62.428087800390315,Autostrada,Maschile,True,53.359492580516054,161.59877661214617
448.7335278664963,87.38398324343095,Autostrada,Maschile,True,36.726050931745405,159.65389216804402
995.8538859361826,71.74647225163699,Autostrada,Maschile,True,21.359788896555827,164.40960650926036
590.6414711569666,61.095678542147695,Autostrada,Femminile,True,39.066182378165344,167.0048370651115
469.878041678979,55.17044114368615,Strada Statale,Maschile,False,57.4348590743345,138.11196125074474
490.86148794650774,67.10663129279014,Strada Comunale,Maschile,False,49.02853552828128,151.85760262353367
318.7493408462956,94.88361444486219,Strada Statale,Maschile,False,,139.65675972514887
527.5019004253829,10.836495972652045,Strada Statale,Femminile,False,36.68319104159276,114.16957686319822
357.23766032465596,65.35011117098807,Autostrada,Femminile,False,26.12230032904258,123.72762100172166
536.5352815339023,59.19083681258574,Strada Comunale,Femminile,False,32.075598270739505,154.65972575684907
401.1418854846344,51.045362393074186,Autostrada,Maschile,False,37.8933868351285,121.06466701138623
,54.319054273609844,Autostrada,Maschile,True,18.848503511320807,161.306751934028
520.6207880716389,139.086206625572,Strada Comunale,Femminile,True,38.09893285316825,160.77140955170225
408.8128485294176,80.7852045770524,Strada Comunale,Maschile,False,33.850809904682514,146.39073336752546
486.80883671913693,97.49381278385746,Strada Statale,Maschile,True,,
491.8134055134662,35.4713227793248,Strada Statale,Maschile,False,31.161690643062595,126.73973932615309
492.06961035736725,82.65705465434694,Strada Comunale,Maschile,True,43.04575374053559,
553.090002500694,71.51126283381339,Strada Statale,Maschile,True,19.763776373865817,270.1572503850268
588.0697805951849,82.16080818229707,Autostrada,Maschile,True,29.789441918654305,183.34260266487462
656.3995397967356,96.02837160674723,Strada Statale,Femminile,True,32.652231193349685,208.10260524474492
571.3976356095857,34.485182000471816,Strada Comunale,Femminile,False,33.274186961008105,141.8676727222946
518.7764784031606,77.21056791366402,Autostrada,Maschile,True,32.253521480681684,165.52375001156332
541.0228350830976,71.10330005317762,Autostrada,Maschile,True,35.882698280861156,270.1572503850268
426.9091589528362,94.76255245268842,Autostrada,Maschile,True,,161.19187375271798
475.77242091952814,96.7204262519588,Strada Comunale,Femminile,True,20.0579448610297,172.53082518547268
468.15760781185656,98.52589061089382,Autostrada,Maschile,True,34.32706048911525,172.45223405108638
407.28721754223704,60.971303462951624,Autostrada,Maschile,False,18.0,130.23448627880873
416.05923438512974,85.6874018794525,Autostrada,Femminile,False,29.7943365299573,151.76176838058797
456.08271760844946,89.45009629573119,Autostrada,Femminile,True,27.475563222680822,162.77662055827486
652.1876304617917,34.662724382332904,Autostrada,Femminile,True,36.635923348698206,158.16770559822467
372.1941580947995,63.468229275796794,Autostrada,Maschile,False,26.071565039117402,125.21341503959734
377.8830318180738,59.856263495539,Autostrada,,False,33.249782199916616,123.46161716004596
532.2459125168654,75.13824892362173,Strada Statale,Maschile,True,49.26712057499162,166.55978164227048
458.5962832694722,45.19365727365759,Strada Statale,Maschile,False,48.80781599313765,127.87418247282052
631.7820747763656,85.43630248069857,Autostrada,Femminile,True,53.36004512581431,194.705456939832
447.3355033025011,26.836450703530176,Autostrada,Femminile,,27.994349746891757,110.93626122332437
642.3726497228697,61.630665177994885,Strada Statale,Maschile,True,18.0,177.77906208696987
328.07990050261077,60.321003211467946,Autostrada,Maschile,False,45.74930941240612,113.8727826696965
446.7058955853742,55.847559921107035,Strada Statale,Maschile,False,34.95612862111238,134.0192270539605
486.8860744167472,,,Maschile,True,26.314437923556383,171.70968663359068
559.9132422773242,,Strada Statale,Maschile,False,51.39393472815087,133.87062194663807
556.8680787628912,70.7073774000452,Strada Statale,Maschile,True,34.658687274770884,167.93951767261441
684.4624263155082,86.63167195405505,Autostrada,Maschile,True,18.0,206.19782282634566
445.50448556917894,75.12713315536622,Autostrada,Maschile,False,44.08970052885377,149.20260363812878
465.61905059367166,53.66068373691226,Strada Statale,Femminile,False,39.32169823938631,136.05235710826415
482.6752843791523,97.76646605061524,Autostrada,Maschile,True,53.36004512581431,174.74822971632267
445.78941223865104,,Strada Statale,Maschile,True,33.93046718091719,158.34972989181892
629.4148072601836,75.52385332932116,Strada Statale,Femminile,True,34.53474401838471,186.30204411549366
581.8264892203185,62.88546511479972,Autostrada,Femminile,True,23.736541147273613,166.6736699359035
620.7506990163578,99.901711120607,,Maschile,,18.142357657319245,204.07150869975715
375.633782513962,84.36866764169098,Strada Comunale,Femminile,False,47.29425335777435,142.6216906161452
508.05189520603375,139.086206625572,Autostrada,Maschile,False,21.33260448100438,146.6144808834831
463.2033177643237,82.10283735422124,Autostrada,Femminile,True,18.859311598779172,158.32293343624173
520.7184131870048,67.39079651308938,Strada Comunale,,True,33.31637069080068,158.05631984787246
557.5858502868602,66.92446379541114,Autostrada,Femminile,True,,165.05674109370096
452.5963777847452,51.74615889229379,Strada Statale,Maschile,False,44.49270469568189,131.91620267078406
417.4395321593412,108.16370831067036,Strada Statale,Maschile,True,42.28485034271176,170.01887308040455
454.7854857180746,45.25869503424181,Strada Comunale,Femminile,False,31.9502253365217,127.16405317100839
438.9715791199553,,Autostrada,Maschile,False,27.1505695860967,126.908512817677
655.5482346697835,70.04808083787483,Strada Comunale,Femminile,True,47.15226182487133,187.14811160425657
,77.29642813259842,Strada Statale,Maschile,True,53.36004512581431,194.60182026677833
594.5935909779456,38.61710860261381,Strada Comunale,Maschile,False,47.31360272636009,149.81240507768018
411.3873881399568,50.4114580466283,Autostrada,Femminile,False,34.54533873694473,122.606644065294
737.6144571349485,66.4124435897875,Autostrada,Maschile,True,18.0,200.6528462988197
569.0800210752576,79.84309895238006,Autostrada,Maschile,True,38.653304319539686,177.69048337695557
654.6947341007194,86.05262974580103,Autostrada,Femminile,True,30.77098591733552,199.7810506167847
522.7913557485924,86.93904270098241,Autostrada,Maschile,True,30.374868637723104,174.10950531050443
503.7633367763488,54.237578107494144,Autostrada,Femminile,,37.22961845449963,144.14272984126507
346.65895772363524,71.28679543595885,,Maschile,False,33.162369923932914,126.36122789349415
306.93436405545026,,Strada Statale,Maschile,False,35.04771244733887,103.73065947908337
660.1042096206447,64.8372592535762,Strada Statale,Maschile,True,50.16421609013334,183.89064932698992
184.061046411959,38.691382318499834,Autostrada,Maschile,False,32.442718969636296,67.76531513719168
530.612094064554,,Strada Comunale,Maschile,True,31.025008566825335,160.9138549946311
618.9761304298495,78.00460438128474,Strada Statale,Femminile,True,,186.1989095909977
502.36238995286567,93.46500516021355,Strada Statale,Maschile,True,18.64317704972362,175.24448211874397
518.0630222566632,59.410842715435706,,Maschile,,26.782139234396602,151.14127862368122
995.8538859361826,77.09951400621956,Strada Comunale,Maschile,True,36.71643031654272,185.91764681933856
462.2451924731979,97.26049807846638,Autostrada,Maschile,True,41.10338654255559,170.2574369574127
570.4049865925779,44.09134166888001,Autostrada,Maschile,False,31.286574181567048,149.3540706536196
572.0249321535891,48.21726713502037,Autostrada,Maschile,False,52.754361248859574,152.97880013873413
670.136955569092,55.43619044467133,Autostrada,Maschile,True,40.61053669629526,178.37634346955548
523.2356765027214,,Strada Statale,Maschile,False,29.518701877803096,150.3155787763925
577.9145996408174,78.40706243348787,Autostrada,Maschile,True,61.78871245071852,178.30856987495378
506.3526005311072,74.44604212478593,Autostrada,Femminile,True,44.55697900063445,160.8273538060502
433.3930541216202,59.13180827485899,Strada Comunale,Femminile,False,38.97479228291835,133.98405744421123
606.0425285048445,49.282360617447125,,Maschile,True,19.499518819317192,160.6343941949266
579.4608635064927,97.9441721168752,Autostrada,Maschile,True,32.555735561690625,194.24751039479872
437.81484065111283,62.16788190215614,Autostrada,Femminile,,40.35441802332909,137.29727365194748
535.504780417228,53.07455478873829,Strada Statale,Maschile,False,30.646382949336623,149.56059991443624
385.0944926388204,87.30378217415662,Autostrada,Maschile,False,38.32551376942369,146.86192426708936
,50.31979876843974,Autostrada,Femminile,False,29.914178239125174,133.65429513630565
424.40209644610024,58.56778531621136,Strada Comunale,Maschile,False,53.70764874254089,131.73464754218915
471.440297193073,66.32720859359073,Strada Comunale,Femminile,,53.36004512581431,147.34982631348717
472.62794955060053,40.29201008706141,Strada Statale,Maschile,False,,126.75919797976925
461.0347108614229,75.16018377096987,Autostrada,Femminile,False,35.26326008508306,152.33508918906048
356.140786951778,74.76252160731126,Autostrada,Maschile,False,21.679395146543442,131.03817467620462
396.1139964219828,83.60306165380243,Strada Statale,Maschile,False,34.51573232604961,146.1052486074385
511.95106926200134,83.0998100682922,Strada Statale,Maschile,True,62.76121813974837,168.87006190703403
517.7741485184897,60.3477247804571,Strada Statale,Maschile,False,26.82402775003102,270.1572503850268
494.4494029731177,83.26366858195183,Strada Comunale,Maschile,True,38.9334829478718,165.50081546018504
466.39184067128525,70.21839570499876,Autostrada,Maschile,False,31.38771578247343,149.45308469825605
502.51876989886347,71.4536400409287,Strada Comunale,Maschile,True,47.121660266203804,157.66666601251566
526.5723866757444,56.3627326254727,Autostrada,Femminile,False,37.57506770983563,150.40466343552703
501.9262174416306,79.37112844494752,Autostrada,Maschile,True,37.796486294042644,163.88214624428414
738.3656839115422,61.330393171260326,Strada Statale,Maschile,True,47.35219568491805,196.7374513193167
412.8260255456905,69.50405620742518,Autostrada,Maschile,False,20.37649369085931,138.16845007507825
476.85477425532866,139.086206625572,Autostrada,Maschile,False,47.52701197556969,152.43803679830606
649.3403135055818,72.79795855649532,Strada Statale,Maschile,True,18.0,188.10642954631263
,93.64529500866584,Strada Comunale,Maschile,True,30.38168068129475,219.3451378638262
394.79577220647013,39.05835212267265,Autostrada,Femminile,False,45.52502226461019,110.20583613943215
459.9296986306556,77.92857646396041,Strada Comunale,Maschile,False,49.158071332257755,154.32880089729946
,101.42231213844693,Autostrada,Maschile,True,40.045071337616314,181.2495846314931
455.0417510514367,62.89352052647315,Autostrada,Femminile,False,42.93248179629993,141.32316663146588
647.8605603050792,38.1483373627655,Autostrada,Maschile,True,33.82765482883121,160.09078195122825
,64.08897933579401,Autostrada,Maschile,True,37.49653764132421,164.70161588265594
546.3616076473262,70.5378084326393,Strada Comunale,Maschile,True,36.24718278330277,165.70256827557668
407.61074631249363,82.85557183134136,Strada Comunale,Maschile,False,42.184256349401124,147.80660672757182
610.9701142928949,60.023153877279626,Autostrada,Maschile,True,29.257391925765873,170.21254596040268
567.7675363615413,88.38851427677638,Strada Comunale,Maschile,,19.97299660217905,184.26431869372936
491.6650681512739,85.68373767851577,Strada Statale,Femminile,True,40.322605405345925,166.88000377306741
515.7061717738335,34.107721015993945,Strada Statale,Maschile,False,31.2024225226633,
516.1790371767249,101.22185930457546,Strada Statale,Maschile,True,34.731983865722235,184.2132948790054
379.63918659757485,74.329144817793,Autostrada,Femminile,False,53.36004512581431,135.3911531737494
457.36321956977525,55.16804621022039,Autostrada,Maschile,False,30.013404363794326,135.60708088213136
,37.727211785979975,Strada Statale,Maschile,False,18.0,136.88605254928814
594.4141432608776,62.73615725822054,Strada Statale,Maschile,True,29.2784799408716,169.07175445875197
617.9186541584719,67.7905892291914,Strada Comunale,Maschile,True,18.0,177.8162022150475
677.6466879140137,82.58789447074652,Strada Comunale,Femminile,True,33.160393267770964,201.59965315939996
436.1775595517148,83.36865914281779,Strada Comunale,Femminile,False,20.306079240838802,153.9304392245972
520.0610731932445,70.81358239085486,Autostrada,Maschile,True,34.95267226064791,270.1572503850268
547.3509769735916,63.774235516105065,Autostrada,Maschile,True,54.077328907303446,160.4895838076024
995.8538859361826,66.25956243779149,Strada Statale,Femminile,False,36.38012167441439,134.52169487775913
418.71269766132167,139.086206625572,Autostrada,Maschile,False,43.248600123469046,127.35714416224883
366.93151107648976,81.22295972045342,Strada Comunale,Maschile,False,33.73505946423385,138.3646699916607
420.82934363251826,42.97325313328662,Strada Statale,Femminile,False,52.862477175416345,118.54447123313295
496.8744964617101,65.71121774946657,Strada Comunale,Femminile,False,,151.9438734919153
418.7843054558184,98.63717135238224,Strada Comunale,Maschile,True,47.872094203380456,162.66659817306947
396.9007649013962,139.086206625572,Strada Comunale,Maschile,False,30.25164316553979,134.55634939514096
495.097707587805,46.66051347475139,Autostrada,Maschile,False,18.0,136.34795229736213
437.683144237674,,Autostrada,Maschile,False,21.01714255255306,156.0330817836333
591.1490213344072,75.62401000609759,Autostrada,Maschile,True,28.06434173626947,178.72901227175953
995.8538859361826,40.21315079442624,Autostrada,Maschile,False,,115.79853037115349
485.90767854819046,91.44708728140048,Autostrada,Maschile,True,,170.3392055347585
471.0700766105118,,Strada Statale,Maschile,False,28.999174905155108,103.84492802191114
507.6755661533828,98.83291278513394,Strada Statale,Femminile,True,29.495302572489233,180.60144345878373
387.0429179584857,,Autostrada,Maschile,True,25.678531836209157,158.63628814225638
481.23270942201066,38.584667761003054,Strada Comunale,Femminile,False,45.62621425708243,127.11427609320458
472.8042598491947,65.53600454500958,Strada Statale,Femminile,False,34.46991644300993,146.98965560584662
,,Autostrada,Femminile,False,40.56930495100502,127.932939661814
694.776856480269,55.24120642266509,Strada Comunale,Maschile,True,56.079620147393726,183.1483364341859
176.17571559522662,76.07994586558407,Strada Statale,Maschile,False,28.70398791442531,96.09909981151259
441.2922599136583,65.50868511375396,Autostrada,,False,40.17980320860438,140.66540007373484
375.0471131965425,69.94143250643675,Autostrada,Maschile,False,29.12389514029111,130.96256864445792
463.0354794311364,77.64921105051536,Autostrada,Maschile,False,42.037463019348394,154.72646472663956
547.6382728986124,36.31752002510315,Autostrada,Femminile,False,41.21406228112723,138.581670599805
417.5258513008764,64.2861270309947,Autostrada,Maschile,False,43.05464483704256,134.93407188497105
453.31580110795187,96.21902311693276,Autostrada,,True,21.894169782791394,
421.65010728609104,50.39354623891295,Autostrada,Maschile,False,,124.64485844834857
356.17887601356614,68.42995436042862,Strada Statale,Femminile,False,44.59783044805475,125.97973869105613
493.37520547408417,58.79492249511275,Autostrada,Maschile,False,50.94648899215553,145.71097909090705
636.5806036737331,62.87337813546652,Strada Statale,Maschile,True,34.73864915900202,177.61482324311984
342.8678967688524,86.18197019682644,Strada Statale,Femminile,False,,
508.1902482849826,54.43552605353716,Strada Statale,Maschile,,31.32879056280732,145.18647049982627
240.71538213397815,94.56837793740813,Autostrada,Maschile,False,28.904059543961775,123.79777877672214
643.8529083667432,117.65062393473693,Autostrada,Femminile,True,40.36095093455021,222.8910808211382
294.3954758218526,60.1926370946863,Autostrada,Maschile,False,38.12225053339446,107.03320484011957
413.6476393292463,81.09134222584639,Autostrada,Femminile,False,54.29980793309985,147.60260164652638
,,Strada Statale,Maschile,True,27.801627340512834,211.55184042224016
441.2154766531614,59.10372902749381,Strada Comunale,Maschile,False,43.680674186001134,135.52607855262733
408.71681025909885,59.36699973328089,Autostrada,Femminile,False,29.67307338655787,129.23696183844447
561.9562103693778,60.667803850990964,Strada Statale,Maschile,True,32.83789610664232,160.92548515466834
408.42992007757675,77.35291970276693,Autostrada,Maschile,False,,143.5683197777289
451.0846235633377,88.62197412746696,,Maschile,True,25.312104187875086,161.1145040146411
439.7555084814226,81.16792944273918,Strada Statale,Maschile,False,34.199822118328846,152.88544525047587
568.4226809849099,47.857550731464556,Autostrada,Femminile,False,20.39141657232153,
550.6251268563676,74.47445770327752,Autostrada,,True,30.424415274373327,169.70459153389555
417.35207225609605,87.54773977844721,Autostrada,Femminile,False,27.97787082704196,153.50860627397697
312.808328472996,102.10333622585479,Autostrada,Maschile,False,33.985278705163715,144.24433467528303
311.41947896756744,60.652527030151326,Autostrada,Femminile,False,46.80123201000571,110.80591741763456
494.09243916824937,80.84465411001443,Strada Statale,Maschile,True,30.857386851383595,163.49421112166144
369.4498210246038,60.90037601174245,Autostrada,Femminile,False,23.225350732641914,122.61026501431472
450.14697865701663,93.44474618976989,Autostrada,Femminile,True,31.645493190362032,164.78519268321924
474.93702657752004,57.73530756914886,Strada Statale,Maschile,False,,141.17565137082312
486.28350411361095,64.84588524788019,Autostrada,Maschile,False,27.466156180619393,270.1572503850268
663.4990319585402,58.011937945722636,Autostrada,Maschile,True,28.68282466101209,179.10935674828616
503.06040528340316,60.28179391030666,Strada Comunale,Femminile,False,48.39853503402001,148.83751618492596
754.9876990358547,73.11909363327113,Autostrada,Maschile,True,18.742361526247674,209.49281471378785
408.5857256894748,61.93463798569894,Strada Statale,Maschile,,53.36004512581431,131.26485552645414
661.565287246718,82.19047084215359,Strada Statale,Maschile,True,40.423770771040815,198.0654341230665
558.4409601850863,80.88332497434156,Strada Statale,Maschile,True,22.257130042632138,176.39485201649052
629.8451559967896,75.98551121160777,Autostrada,Maschile,True,36.73633798585748,186.75744016864414
541.4491324688152,73.04457556229076,Autostrada,Maschile,True,39.394944824961634,166.72548694359563
485.4079393397245,84.22238110293341,Autostrada,Femminile,True,43.099882667588574,164.45949275029164
,57.41906604220832,Autostrada,Maschile,False,26.633684643918624,147.0218926250912
471.18311307848563,74.88319351363063,Strada Comunale,Femminile,,37.95374069218467,
526.281143079695,105.033235544051,Strada Statale,Femminile,True,35.564338541436626,189.2828170511798
833.445863250894,85.30861266222405,Autostrada,Maschile,True,24.748576164830467,234.93606277995806
473.7035301375537,71.21565202264391,Autostrada,Maschile,False,42.97940679982716,151.71322764562586
465.3322035083305,58.52418017705378,Autostrada,Maschile,False,40.096047273360654,139.88578484330912
441.6639288360696,74.25352832391947,Strada Statale,,False,,
423.34054461793954,111.14785370031578,Strada Comunale,Maschile,True,,173.58639188384052
452.97830584329967,80.18289597966901,Autostrada,Maschile,False,45.12558669025968,154.74197795239516
382.354233586949,100.53661991109176,Strada Comunale,Maschile,True,30.772566787504147,156.90014264626322
490.31329214710877,38.774353742610984,Autostrada,Maschile,False,27.68422351561079,129.08214142351056
562.4829897374738,41.65668614133288,Autostrada,Maschile,False,28.61395154114089,145.82194686056107
345.52670989265744,63.464723940395146,Strada Comunale,Maschile,False,27.821106346805408,119.8771211308476
,62.12416138118053,Autostrada,Maschile,True,33.165770513196186,186.07578184957686
427.764868177253,65.46136079931257,Strada Statale,Femminile,False,33.262121516381725,137.92206227490067
511.5424156193933,48.78366607195566,,Femminile,False,51.361174478474055,141.3354159814432
449.36790927310597,59.26088301053872,Strada Statale,Femminile,False,40.753861613775086,137.28228826305218
,68.08227497484026,Autostrada,Femminile,True,42.087346056052695,183.15769053295705
539.6315325469374,34.220664713223655,Strada Comunale,Maschile,False,35.00534484712347,135.3028382799664
633.1453395406901,46.0152193937175,Strada Statale,Maschile,True,35.114913388394356,270.1572503850268
409.2594621237586,80.67113497187043,Autostrada,Maschile,False,36.420421244677534,
502.9814572537702,52.21706082192427,Autostrada,Maschile,False,38.037295276145585,142.36994010829346
333.8376008905513,67.67604322929463,Strada Comunale,Maschile,False,21.080250437677762,120.90835476154598
305.0572992613529,102.81790079173243,Strada Statale,Femminile,False,34.22076012058385,143.26578048565653
471.6367330936338,80.30539405645155,Strada Comunale,Maschile,True,27.663147226473207,158.571661863888
476.2371810158662,82.88186414903738,Autostrada,Femminile,True,27.36830152657558,161.55292752240317
523.7936334489915,44.0540903679685,Strada Comunale,Maschile,False,43.171449599749835,140.0019989841731
506.61254506101903,81.14445446275762,Strada Statale,Maschile,,43.55977571431124,166.23807258240993
,58.86416703506116,Strada Statale,Femminile,False,30.587797725801515,132.36979699700322
434.3802066225262,139.086206625572,Autostrada,Maschile,False,29.021896719989208,154.1726130729084
514.2588505756281,113.45580066757417,Strada Statale,Maschile,True,19.529105991393145,193.61641064918496
408.2587468746859,59.36377218852815,Autostrada,Maschile,False,32.345764359856986,129.14276712575972
532.7527602535549,76.56763467853817,,Maschile,True,49.04595017386366,167.80465979354153
397.3018375662445,60.010464786817614,Autostrada,Maschile,False,36.86853784451683,127.468739342703
520.9466518668396,59.93300173567395,Autostrada,Maschile,False,18.0,152.1357317619071
,96.55965217195401,Strada Statale,Maschile,False,28.745067726805573,155.39656964659042
637.0394460597306,89.28981743050093,Strada Statale,Maschile,True,25.05662260346533,198.83974315634686
648.4974594922111,46.25108083212497,Strada Statale,Maschile,True,53.36004512581431,166.70035656414223
385.7168422062038,106.40511162282837,Autostrada,Femminile,True,25.0827455637454,162.26745773950347
715.4996125404024,53.36987316193269,Autostrada,Maschile,True,32.5621430714695,185.79582103762664
426.2138711392149,56.119246509764764,Autostrada,Femminile,False,32.03740014939679,130.13817143565478
335.43168613766466,16.180677577123383,Strada Statale,,,41.092124801843596,80.03087928923165
593.890214946056,27.93781150808323,Strada Statale,Maschile,False,24.647487279141842,141.12829219567777
249.38476963124697,92.3474946311997,Strada Comunale,,,35.5219003589044,123.75494963120916
261.2359740358854,70.96022492696113,Autostrada,Maschile,False,41.895471148418814,109.015374748746
403.5448376590102,84.23117698304546,Autostrada,Maschile,False,18.772340320223257,148.0939091182384
995.8538859361826,55.093641746791654,Strada Statale,Maschile,True,28.687953531653932,164.5436742462018
394.06129742469915,58.46687612184175,Strada Statale,Maschile,False,32.104593420301214,125.58576038241324
571.886964295357,65.89329818488791,Autostrada,Maschile,True,26.429397319743714,167.09203140698173
676.8500562877032,95.15666548958583,Strada Comunale,Femminile,True,58.8867881618266,211.4953436492093
605.4252097327876,90.47584944337416,Autostrada,Maschile,True,44.8796748487373,193.46572150125684
652.0033962574831,,Autostrada,Maschile,True,38.25255678652263,195.16572131428194
408.8844235783028,94.97632877681698,Autostrada,Maschile,,37.376374417701754,
519.7338373474465,64.48749143037826,Strada Comunale,Maschile,False,58.28469110716583,155.53676061379193
541.77498971314,86.75468427838294,Autostrada,Maschile,True,28.46214676347048,177.7587453653344
529.5525110019057,70.18959112621589,Autostrada,Maschile,True,52.1764146347721,162.06217510135386
,68.39254653719297,Autostrada,Femminile,False,26.5072618992778,155.57384724500687
374.7641627590747,107.88686240969126,Autostrada,Maschile,True,43.38293430869189,
479.5504994173507,66.78370943746361,Autostrada,Maschile,False,34.143897547862395,149.33706743344104
394.84393655394643,90.78001605741854,Strada Statale,Maschile,False,50.71179664268584,151.59280015672414
574.3725432681209,62.43460991671276,Strada Comunale,Maschile,True,26.840810347490997,164.8221965869944
596.5389018904119,72.01933958538376,Strada Statale,Maschile,True,43.06145152073351,176.9232520463894
583.0939461573057,83.44462607939879,Autostrada,Femminile,True,34.03918498007958,183.3744900949802
495.4763915697841,,Strada Statale,Maschile,True,56.27262783167831,188.26615190086494
443.09919708804495,57.29331385755007,Strada Comunale,Maschile,False,40.19980594769738,134.45449050364905
592.2974142397208,75.74032620314242,Autostrada,Femminile,True,18.0,179.0517438104581
483.74217414607955,50.68167600078175,Strada Comunale,Maschile,False,32.142684345944936,137.29377562984132
,80.71842642478356,Strada Statale,Maschile,True,36.9882975613919,196.3379026077139
475.7392503579907,82.20953815383942,Strada Statale,Maschile,,30.77514400873803,
,61.61214927223514,Autostrada,Maschile,False,24.265371608844358,136.25804636995005
513.0651482099095,108.82854840438614,Strada Statale,Femminile,True,49.0423100573949,189.67586836549083
506.7440457639582,82.26747615008377,Autostrada,Femminile,True,36.56982792614429,167.16279007285866
451.82230610395766,60.9496689115484,Autostrada,,False,33.78527651085002,
677.6373167872023,118.38218138944539,Autostrada,Maschile,True,28.509489224133514,230.2332084689968
609.3122565552154,96.55122330453203,Autostrada,Maschile,True,31.527390230663,199.1034299546687
624.0170487477068,79.29899980948873,Autostrada,Maschile,True,43.02129293679117,188.24260959713234
521.1102259928332,116.9181719371826,Strada Statale,,True,23.851524564251537,197.75658274831272
457.4036780585225,101.58649777344152,Autostrada,Femminile,True,55.73451890348822,172.74993383045773
452.90890487310384,59.8860365795617,Autostrada,Maschile,False,47.6565820791766,138.49061023827014
391.2724267238218,67.23160211328994,Autostrada,Femminile,False,29.06509936984663,132.03976703539632
531.1153760043175,69.49732704348872,Strada Statale,Maschile,True,32.18542543895534,161.82093683565446
367.57292270851644,89.08908148873343,Autostrada,,False,55.60218442393638,144.78584973269002
379.5198770807627,84.60920399220336,,Maschile,False,58.52410242614894,143.59133860991523
589.9722833620272,67.32596796828608,Strada Comunale,Maschile,True,46.11279586353717,171.8552310470343
538.6748223280596,77.49257028952601,Autostrada,Maschile,True,40.74763358634445,169.72902069723273
437.99517470548255,78.5386255944952,Autostrada,Maschile,False,43.88790129272543,150.42993541669267
428.55543311478556,97.87583771647832,Strada Statale,Maschile,True,30.30716316083098,164.01175679613976
,60.92821803203447,Autostrada,Maschile,False,30.552655888088026,132.97487781256564
568.7131322162268,61.96914320740388,Autostrada,Maschile,True,53.36004512581431,163.31794100916846
501.86722098500786,92.25242262385746,Autostrada,Maschile,True,19.18677525045423,174.17538229608755
479.5209375823068,,Strada Statale,Femminile,False,47.97598574660147,124.51868153767259
567.4680054619404,19.171808797538958,Strada Comunale,Femminile,False,,128.83104813041925
522.5458520365395,75.26561551100707,Strada Comunale,Maschile,True,34.84974705071021,164.72166281611356
,70.17429055723662,,Femminile,False,26.302328898887378,152.65566649135184
295.9923902132629,52.10140953718394,Autostrada,Femminile,False,32.84845475067632,100.87960567239975
495.24380130375164,72.00932049778466,Strada Statale,Maschile,True,48.2681207493674,156.65621665897805
427.5794699841429,116.25442172480953,Autostrada,Femminile,True,36.25838765492145,178.5194313766762
452.67790909208304,37.214663718891515,Autostrada,Maschile,False,,120.30731279352983
404.00596921466223,67.03799233846877,Autostrada,,False,20.013824280755856,134.43158771370747
474.38799582362344,71.51309198790699,Strada Comunale,Maschile,False,39.080267556341326,152.0880727550503
507.6700713381003,82.45301820266883,Strada Comunale,Femminile,,37.602446963803686,167.49642882975513
514.6451812083536,66.76566259311454,Autostrada,Maschile,False,43.31210843618175,156.34156631616236
995.8538859361826,45.46816042742346,Autostrada,Maschile,True,37.34059552639709,171.3286028768035
399.18180869948355,27.983233736920397,Strada Comunale,Maschile,False,42.47294360873576,102.22294872943303
529.8995188226758,69.9415952764242,Autostrada,Maschile,True,36.74754710924081,161.9331799856745
646.3651817586359,55.6944386163476,Autostrada,Maschile,True,25.16487680014534,173.82858724480528
395.43869325160813,,Autostrada,Femminile,True,41.8370688004789,167.14651250976078
384.0252688623897,68.52788277088028,Autostrada,Maschile,False,30.06882956369996,131.62735998918217
528.4146245799025,72.45057888529092,Strada Comunale,Maschile,True,46.28856024356376,163.64338802421324
363.78584523038137,94.42343666082411,Strada Comunale,Maschile,False,29.258863789176225,148.29591837473555
466.33793415102986,58.33149683629617,Autostrada,Femminile,False,42.84465432646756,139.9327842992429
,71.52371668375227,Strada Statale,Femminile,False,39.38337178664717,133.65228248902844
510.18042856809336,83.08091777415623,Strada Statale,Maschile,True,36.08527517861857,168.50081993294367
513.8600254355636,91.1486289045718,Strada Comunale,Femminile,True,32.09761961973633,175.69090821077015
542.3003265872744,66.74352601428731,Autostrada,Maschile,True,22.76269158947074,161.85488612888474
576.304138013939,75.10863565656962,Strada Comunale,Femminile,True,42.7307917536845,175.3477361280435
529.0369302471431,139.086206625572,Strada Comunale,Maschile,False,54.55336469783722,146.10198762799322
468.8092506008852,49.10117862864198,Autostrada,Maschile,False,20.73459887001772,133.04279302309064
